molecule,smiles,max_abs,max_em,solvent,dc,etn
BTD-QN,c4cnc3c(Nc1cccc2nsnc12)cccc3c4,445.0,620.0,DMSO,46.826,0.444
BTD-QN,c4cnc3c(Nc1cccc2nsnc12)cccc3c4,445.0,565.0,H2O,78.3553,1.0
BTD-QN,c4cnc3c(Nc1cccc2nsnc12)cccc3c4,440.0,575.0,AcOEt,6.02,0.228
BTD-QN,c4cnc3c(Nc1cccc2nsnc12)cccc3c4,450.0,615.0,DCM,8.93,0.309
BTD-QN,c4cnc3c(Nc1cccc2nsnc12)cccc3c4,440.0,615.0,ACN,35.688,0.46
BTD-QN,c4cnc3c(Nc1cccc2nsnc12)cccc3c4,440.0,600.0,TOL,2.3741,0.099
BTD-QN,c4cnc3c(Nc1cccc2nsnc12)cccc3c4,450.0,570.0,EtOH,24.852,0.654
BTD-QN,c4cnc3c(Nc1cccc2nsnc12)cccc3c4,450.0,595.0,CFM,4.81,0.259
BTD-QN,c4cnc3c(Nc1cccc2nsnc12)cccc3c4,440.0,610.0,MeOH,32.613,0.762
BTD-QN,c4cnc3c(Nc1cccc2nsnc12)cccc3c4,445.0,610.0,DMF,36.7,0.386
BTD-QN,c4cnc3c(Nc1cccc2nsnc12)cccc3c4,445.0,533.0,CHX,2.02,0.006
BTD-QN,c4cnc3c(Nc1cccc2nsnc12)cccc3c4,440.0,533.0,HEX,1.88,0.009
BTDImH,s1nc2c(ccc(n3cc[nH+]c3)c2n1)n4cc[nH+]c4,376.0,526.0,DMSO,46.826,0.444
BTDImH,s1nc2c(ccc(n3cc[nH+]c3)c2n1)n4cc[nH+]c4,382.0,501.0,DMF,36.7,0.386
BTDImH,s1nc2c(ccc(n3cc[nH+]c3)c2n1)n4cc[nH+]c4,348.0,453.0,H2O,78.3553,1.0
BTDImH,s1nc2c(ccc(n3cc[nH+]c3)c2n1)n4cc[nH+]c4,362.0,444.0,MeOH,32.613,0.762
BTDImH,s1nc2c(ccc(n3cc[nH+]c3)c2n1)n4cc[nH+]c4,370.0,525.0,EtOH,24.852,0.654
BTDImMe,C[n+]1ccn(c1)c2ccc(n3cc[n+](C)c3)c4nsnc24,376.0,526.0,DMSO,46.826,0.444
BTDImMe,C[n+]1ccn(c1)c2ccc(n3cc[n+](C)c3)c4nsnc24,350.0,474.0,DMF,36.7,0.386
BTDImMe,C[n+]1ccn(c1)c2ccc(n3cc[n+](C)c3)c4nsnc24,333.0,453.0,H2O,78.3553,1.0
BTDImMe,C[n+]1ccn(c1)c2ccc(n3cc[n+](C)c3)c4nsnc24,336.0,453.0,MeOH,32.613,0.762
BTDImMe,C[n+]1ccn(c1)c2ccc(n3cc[n+](C)c3)c4nsnc24,336.0,453.0,EtOH,24.852,0.654
BTDImAc,OCC(=O)N1CCN(C1)c2ccc(N3CCN(C3)CC(O)=O)c4nsnc24,356.0,450.0,DMSO,46.826,0.444
BTDImAc,OCC(=O)N1CCN(C1)c2ccc(N3CCN(C3)CC(O)=O)c4nsnc24,347.0,401.0,DMF,36.7,0.386
BTDImAc,OCC(=O)N1CCN(C1)c2ccc(N3CCN(C3)CC(O)=O)c4nsnc24,333.0,450.0,H2O,78.3553,1.0
BTDImAc,OCC(=O)N1CCN(C1)c2ccc(N3CCN(C3)CC(O)=O)c4nsnc24,339.0,450.0,MeOH,32.613,0.762
BTDImAc,OCC(=O)N1CCN(C1)c2ccc(N3CCN(C3)CC(O)=O)c4nsnc24,338.0,450.0,EtOH,24.852,0.654
BTDIm,C1=CN(C=N1)C2=CC=C(C3=NSN=C23)N4C=CN=C4,382.0,542.0,DMSO,46.826,0.444
BTDIm,C1=CN(C=N1)C2=CC=C(C3=NSN=C23)N4C=CN=C4,383.0,531.0,DMF,36.7,0.386
BTDIm,C1=CN(C=N1)C2=CC=C(C3=NSN=C23)N4C=CN=C4,362.0,430.0,H2O,78.3553,1.0
BTDIm,C1=CN(C=N1)C2=CC=C(C3=NSN=C23)N4C=CN=C4,371.0,473.0,MeOH,32.613,0.762
BTDIm,C1=CN(C=N1)C2=CC=C(C3=NSN=C23)N4C=CN=C4,376.0,503.0,EtOH,24.852,0.654
T1,C1=CC=C(C=C1)N(C2=CC=CC=C2)C3=CC=C(C=C3)C=CC4=CC=C(C5=NSN=C45)C=CC6=CC=C(C=C6)N(C7=CC=CC=C7)C8=CC=CC=C8,391.0,611.0,TOL,2.3741,0.099
T1,C1=CC=C(C=C1)N(C2=CC=CC=C2)C3=CC=C(C=C3)C=CC4=CC=C(C5=NSN=C45)C=CC6=CC=C(C=C6)N(C7=CC=CC=C7)C8=CC=CC=C8,376.0,627.0,AcOEt,6.02,0.228
T1,C1=CC=C(C=C1)N(C2=CC=CC=C2)C3=CC=C(C=C3)C=CC4=CC=C(C5=NSN=C45)C=CC6=CC=C(C=C6)N(C7=CC=CC=C7)C8=CC=CC=C8,376.0,637.0,THF,7.58,0.605
T1,C1=CC=C(C=C1)N(C2=CC=CC=C2)C3=CC=C(C=C3)C=CC4=CC=C(C5=NSN=C45)C=CC6=CC=C(C=C6)N(C7=CC=CC=C7)C8=CC=CC=C8,388.0,651.0,CFM,4.81,0.259
T1,C1=CC=C(C=C1)N(C2=CC=CC=C2)C3=CC=C(C=C3)C=CC4=CC=C(C5=NSN=C45)C=CC6=CC=C(C=C6)N(C7=CC=CC=C7)C8=CC=CC=C8,376.0,659.0,DCM,8.93,0.309
T1,C1=CC=C(C=C1)N(C2=CC=CC=C2)C3=CC=C(C=C3)C=CC4=CC=C(C5=NSN=C45)C=CC6=CC=C(C=C6)N(C7=CC=CC=C7)C8=CC=CC=C8,389.0,690.0,DMF,36.7,0.386
T2,C1=CC=C(C=C1)N(C2=CC=CC=C2)C3=CC=C(C=C3)C=CC4=CC=C(C=C4)N(C5=CC=C(C=C5)C=CC6=CC=C(C=C6)N(C7=CC=CC=C7)C8=CC=CC=C8)C9=CC=C(C=C9)C=CC1=CC=C(C2=NSN=C12)C=CC1=CC=C(C=C1)N(C1=CC=C(C=C1)C=CC1=CC=C(C=C1)N(C1=CC=CC=C1)C1=CC=CC=C1)C1=CC=C(C=C1)C=CC1=CC=C(C=C1)N(C1=CC=CC=C1)C1=CC=CC=C1,404.0,621.0,TOL,2.3741,0.099
T2,C1=CC=C(C=C1)N(C2=CC=CC=C2)C3=CC=C(C=C3)C=CC4=CC=C(C=C4)N(C5=CC=C(C=C5)C=CC6=CC=C(C=C6)N(C7=CC=CC=C7)C8=CC=CC=C8)C9=CC=C(C=C9)C=CC1=CC=C(C2=NSN=C12)C=CC1=CC=C(C=C1)N(C1=CC=C(C=C1)C=CC1=CC=C(C=C1)N(C1=CC=CC=C1)C1=CC=CC=C1)C1=CC=C(C=C1)C=CC1=CC=C(C=C1)N(C1=CC=CC=C1)C1=CC=CC=C1,399.0,647.0,AcOEt,6.02,0.228
T2,C1=CC=C(C=C1)N(C2=CC=CC=C2)C3=CC=C(C=C3)C=CC4=CC=C(C=C4)N(C5=CC=C(C=C5)C=CC6=CC=C(C=C6)N(C7=CC=CC=C7)C8=CC=CC=C8)C9=CC=C(C=C9)C=CC1=CC=C(C2=NSN=C12)C=CC1=CC=C(C=C1)N(C1=CC=C(C=C1)C=CC1=CC=C(C=C1)N(C1=CC=CC=C1)C1=CC=CC=C1)C1=CC=C(C=C1)C=CC1=CC=C(C=C1)N(C1=CC=CC=C1)C1=CC=CC=C1,403.0,656.0,THF,7.58,0.605
T2,C1=CC=C(C=C1)N(C2=CC=CC=C2)C3=CC=C(C=C3)C=CC4=CC=C(C=C4)N(C5=CC=C(C=C5)C=CC6=CC=C(C=C6)N(C7=CC=CC=C7)C8=CC=CC=C8)C9=CC=C(C=C9)C=CC1=CC=C(C2=NSN=C12)C=CC1=CC=C(C=C1)N(C1=CC=C(C=C1)C=CC1=CC=C(C=C1)N(C1=CC=CC=C1)C1=CC=CC=C1)C1=CC=C(C=C1)C=CC1=CC=C(C=C1)N(C1=CC=CC=C1)C1=CC=CC=C1,404.0,661.0,CFM,4.81,0.259
T2,C1=CC=C(C=C1)N(C2=CC=CC=C2)C3=CC=C(C=C3)C=CC4=CC=C(C=C4)N(C5=CC=C(C=C5)C=CC6=CC=C(C=C6)N(C7=CC=CC=C7)C8=CC=CC=C8)C9=CC=C(C=C9)C=CC1=CC=C(C2=NSN=C12)C=CC1=CC=C(C=C1)N(C1=CC=C(C=C1)C=CC1=CC=C(C=C1)N(C1=CC=CC=C1)C1=CC=CC=C1)C1=CC=C(C=C1)C=CC1=CC=C(C=C1)N(C1=CC=CC=C1)C1=CC=CC=C1,405.0,700.0,DCM,8.93,0.309
T2,C1=CC=C(C=C1)N(C2=CC=CC=C2)C3=CC=C(C=C3)C=CC4=CC=C(C=C4)N(C5=CC=C(C=C5)C=CC6=CC=C(C=C6)N(C7=CC=CC=C7)C8=CC=CC=C8)C9=CC=C(C=C9)C=CC1=CC=C(C2=NSN=C12)C=CC1=CC=C(C=C1)N(C1=CC=C(C=C1)C=CC1=CC=C(C=C1)N(C1=CC=CC=C1)C1=CC=CC=C1)C1=CC=C(C=C1)C=CC1=CC=C(C=C1)N(C1=CC=CC=C1)C1=CC=CC=C1,404.0,752.0,DMF,36.7,0.386
TP2,CCCCCCCCN1C2=C(C=C(C=C2)C=CC3=CC=C(C=C3)N(C4=CC=C(C=C4)C=CC5=CC6=C(C=C5)N(C7=CC=CC=C7S6)CCCCCCCC)C8=CC=C(C=C8)C=CC9=CC=C(C2=NSN=C92)C=CC2=CC=C(C=C2)N(C2=CC=C(C=C2)C=CC2=CC=C(C=C2)N(C2=CC=CC=C2)C2=CC=CC=C2)C2=CC=C(C=C2)C=CC2=CC=C(C=C2)N(C2=CC=CC=C2)C2=CC=CC=C2)SC2=CC=CC=C21,408.0,620.0,TOL,2.3741,0.099
TP2,CCCCCCCCN1C2=C(C=C(C=C2)C=CC3=CC=C(C=C3)N(C4=CC=C(C=C4)C=CC5=CC6=C(C=C5)N(C7=CC=CC=C7S6)CCCCCCCC)C8=CC=C(C=C8)C=CC9=CC=C(C2=NSN=C92)C=CC2=CC=C(C=C2)N(C2=CC=C(C=C2)C=CC2=CC=C(C=C2)N(C2=CC=CC=C2)C2=CC=CC=C2)C2=CC=C(C=C2)C=CC2=CC=C(C=C2)N(C2=CC=CC=C2)C2=CC=CC=C2)SC2=CC=CC=C21,403.0,646.0,AcOEt,6.02,0.228
TP2,CCCCCCCCN1C2=C(C=C(C=C2)C=CC3=CC=C(C=C3)N(C4=CC=C(C=C4)C=CC5=CC6=C(C=C5)N(C7=CC=CC=C7S6)CCCCCCCC)C8=CC=C(C=C8)C=CC9=CC=C(C2=NSN=C92)C=CC2=CC=C(C=C2)N(C2=CC=C(C=C2)C=CC2=CC=C(C=C2)N(C2=CC=CC=C2)C2=CC=CC=C2)C2=CC=C(C=C2)C=CC2=CC=C(C=C2)N(C2=CC=CC=C2)C2=CC=CC=C2)SC2=CC=CC=C21,405.0,653.0,THF,7.58,0.605
TP2,CCCCCCCCN1C2=C(C=C(C=C2)C=CC3=CC=C(C=C3)N(C4=CC=C(C=C4)C=CC5=CC6=C(C=C5)N(C7=CC=CC=C7S6)CCCCCCCC)C8=CC=C(C=C8)C=CC9=CC=C(C2=NSN=C92)C=CC2=CC=C(C=C2)N(C2=CC=C(C=C2)C=CC2=CC=C(C=C2)N(C2=CC=CC=C2)C2=CC=CC=C2)C2=CC=C(C=C2)C=CC2=CC=C(C=C2)N(C2=CC=CC=C2)C2=CC=CC=C2)SC2=CC=CC=C21,409.0,668.0,CFM,4.81,0.259
TP2,CCCCCCCCN1C2=C(C=C(C=C2)C=CC3=CC=C(C=C3)N(C4=CC=C(C=C4)C=CC5=CC6=C(C=C5)N(C7=CC=CC=C7S6)CCCCCCCC)C8=CC=C(C=C8)C=CC9=CC=C(C2=NSN=C92)C=CC2=CC=C(C=C2)N(C2=CC=C(C=C2)C=CC2=CC=C(C=C2)N(C2=CC=CC=C2)C2=CC=CC=C2)C2=CC=C(C=C2)C=CC2=CC=C(C=C2)N(C2=CC=CC=C2)C2=CC=CC=C2)SC2=CC=CC=C21,409.0,708.0,DCM,8.93,0.309
TP2,CCCCCCCCN1C2=C(C=C(C=C2)C=CC3=CC=C(C=C3)N(C4=CC=C(C=C4)C=CC5=CC6=C(C=C5)N(C7=CC=CC=C7S6)CCCCCCCC)C8=CC=C(C=C8)C=CC9=CC=C(C2=NSN=C92)C=CC2=CC=C(C=C2)N(C2=CC=C(C=C2)C=CC2=CC=C(C=C2)N(C2=CC=CC=C2)C2=CC=CC=C2)C2=CC=C(C=C2)C=CC2=CC=C(C=C2)N(C2=CC=CC=C2)C2=CC=CC=C2)SC2=CC=CC=C21,409.0,749.0,DMF,36.7,0.386
P2,CCCCCCCCN1C2=C(C=C(C=C2)C=CC3=CC=C(C=C3)N(C4=CC=C(C=C4)C=CC5=CC6=C(C=C5)N(C7=CC=CC=C7S6)CCCCCCCC)C8=CC=C(C=C8)C=CC9=CC=C(C2=NSN=C92)C=CC2=CC=C(C=C2)N(C2=CC=C(C=C2)C=CC2=CC3=C(C=C2)N(C2=CC=CC=C2S3)CCCCCCCC)C2=CC=C(C=C2)C=CC2=CC3=C(C=C2)N(C2=CC=CC=C2S3)CCCCCCCC)SC2=CC=CC=C21,407.0,620.0,TOL,2.3741,0.099
P2,CCCCCCCCN1C2=C(C=C(C=C2)C=CC3=CC=C(C=C3)N(C4=CC=C(C=C4)C=CC5=CC6=C(C=C5)N(C7=CC=CC=C7S6)CCCCCCCC)C8=CC=C(C=C8)C=CC9=CC=C(C2=NSN=C92)C=CC2=CC=C(C=C2)N(C2=CC=C(C=C2)C=CC2=CC3=C(C=C2)N(C2=CC=CC=C2S3)CCCCCCCC)C2=CC=C(C=C2)C=CC2=CC3=C(C=C2)N(C2=CC=CC=C2S3)CCCCCCCC)SC2=CC=CC=C21,400.0,644.0,AcOEt,6.02,0.228
P2,CCCCCCCCN1C2=C(C=C(C=C2)C=CC3=CC=C(C=C3)N(C4=CC=C(C=C4)C=CC5=CC6=C(C=C5)N(C7=CC=CC=C7S6)CCCCCCCC)C8=CC=C(C=C8)C=CC9=CC=C(C2=NSN=C92)C=CC2=CC=C(C=C2)N(C2=CC=C(C=C2)C=CC2=CC3=C(C=C2)N(C2=CC=CC=C2S3)CCCCCCCC)C2=CC=C(C=C2)C=CC2=CC3=C(C=C2)N(C2=CC=CC=C2S3)CCCCCCCC)SC2=CC=CC=C21,408.0,654.0,THF,7.58,0.605
P2,CCCCCCCCN1C2=C(C=C(C=C2)C=CC3=CC=C(C=C3)N(C4=CC=C(C=C4)C=CC5=CC6=C(C=C5)N(C7=CC=CC=C7S6)CCCCCCCC)C8=CC=C(C=C8)C=CC9=CC=C(C2=NSN=C92)C=CC2=CC=C(C=C2)N(C2=CC=C(C=C2)C=CC2=CC3=C(C=C2)N(C2=CC=CC=C2S3)CCCCCCCC)C2=CC=C(C=C2)C=CC2=CC3=C(C=C2)N(C2=CC=CC=C2S3)CCCCCCCC)SC2=CC=CC=C21,409.0,663.0,CFM,4.81,0.259
P2,CCCCCCCCN1C2=C(C=C(C=C2)C=CC3=CC=C(C=C3)N(C4=CC=C(C=C4)C=CC5=CC6=C(C=C5)N(C7=CC=CC=C7S6)CCCCCCCC)C8=CC=C(C=C8)C=CC9=CC=C(C2=NSN=C92)C=CC2=CC=C(C=C2)N(C2=CC=C(C=C2)C=CC2=CC3=C(C=C2)N(C2=CC=CC=C2S3)CCCCCCCC)C2=CC=C(C=C2)C=CC2=CC3=C(C=C2)N(C2=CC=CC=C2S3)CCCCCCCC)SC2=CC=CC=C21,410.0,710.0,DCM,8.93,0.309
P2,CCCCCCCCN1C2=C(C=C(C=C2)C=CC3=CC=C(C=C3)N(C4=CC=C(C=C4)C=CC5=CC6=C(C=C5)N(C7=CC=CC=C7S6)CCCCCCCC)C8=CC=C(C=C8)C=CC9=CC=C(C2=NSN=C92)C=CC2=CC=C(C=C2)N(C2=CC=C(C=C2)C=CC2=CC3=C(C=C2)N(C2=CC=CC=C2S3)CCCCCCCC)C2=CC=C(C=C2)C=CC2=CC3=C(C=C2)N(C2=CC=CC=C2S3)CCCCCCCC)SC2=CC=CC=C21,409.0,750.0,DMF,36.7,0.386
BTD-4AP,N(c1ccncc1)c2cccc3nsnc23,404.0,543.0,DCM,8.93,0.309
BTD-4AP,N(c1ccncc1)c2cccc3nsnc23,417.0,570.0,DMSO,46.826,0.444
BTD-4AP,N(c1ccncc1)c2cccc3nsnc23,403.0,551.0,MeCN,37.5,0.46
BTD-4AP,N(c1ccncc1)c2cccc3nsnc23,402.0,572.0,MeOH,32.613,0.762
BTD-4AP,N(c1ccncc1)c2cccc3nsnc23,404.0,533.0,TOL,2.3741,0.099
BTD-4AP,N(c1ccncc1)c2cccc3nsnc23,362.0,552.0,H2O,78.3553,1.0
BTD-4APOc,CCCCCCCC[n+]1ccc(Nc2cccc3nsnc23)cc1,367.0,525.0,DCM,8.93,0.309
BTD-4APOc,CCCCCCCC[n+]1ccc(Nc2cccc3nsnc23)cc1,374.0,529.0,DMSO,46.826,0.444
BTD-4APOc,CCCCCCCC[n+]1ccc(Nc2cccc3nsnc23)cc1,363.0,517.0,MeCN,37.5,0.46
BTD-4APOc,CCCCCCCC[n+]1ccc(Nc2cccc3nsnc23)cc1,364.0,520.0,MeOH,32.613,0.762
BTD-4APOc,CCCCCCCC[n+]1ccc(Nc2cccc3nsnc23)cc1,379.0,509.0,TOL,2.3741,0.099
BTD-4APOc,CCCCCCCC[n+]1ccc(Nc2cccc3nsnc23)cc1,366.0,552.0,H2O,78.3553,1.0
BTD-4APBu,CCCC[n+]1ccc(Nc2cccc3nsnc23)cc1,365.0,535.0,DCM,8.93,0.309
BTD-4APBu,CCCC[n+]1ccc(Nc2cccc3nsnc23)cc1,375.0,526.0,DMSO,46.826,0.444
BTD-4APBu,CCCC[n+]1ccc(Nc2cccc3nsnc23)cc1,363.0,540.0,MeCN,37.5,0.46
BTD-4APBu,CCCC[n+]1ccc(Nc2cccc3nsnc23)cc1,365.0,521.0,MeOH,32.613,0.762
BTD-4APBu,CCCC[n+]1ccc(Nc2cccc3nsnc23)cc1,385.0,528.0,TOL,2.3741,0.099
BTD-4APBu,CCCC[n+]1ccc(Nc2cccc3nsnc23)cc1,365.0,550.0,H2O,78.3553,1.0
BTD-4APBuP,C(CC[P+](c1ccccc1)(c2ccccc2)c3ccccc3)C[n+]4ccc(Nc5cccc6nsnc56)cc4,371.0,504.0,DCM,8.93,0.309
BTD-4APBuP,C(CC[P+](c1ccccc1)(c2ccccc2)c3ccccc3)C[n+]4ccc(Nc5cccc6nsnc56)cc4,372.0,527.0,DMSO,46.826,0.444
BTD-4APBuP,C(CC[P+](c1ccccc1)(c2ccccc2)c3ccccc3)C[n+]4ccc(Nc5cccc6nsnc56)cc4,369.0,512.0,MeCN,37.5,0.46
BTD-4APBuP,C(CC[P+](c1ccccc1)(c2ccccc2)c3ccccc3)C[n+]4ccc(Nc5cccc6nsnc56)cc4,362.0,519.0,MeOH,32.613,0.762
BTD-4APBuP,C(CC[P+](c1ccccc1)(c2ccccc2)c3ccccc3)C[n+]4ccc(Nc5cccc6nsnc56)cc4,377.0,527.0,TOL,2.3741,0.099
BTD-4APBuP,C(CC[P+](c1ccccc1)(c2ccccc2)c3ccccc3)C[n+]4ccc(Nc5cccc6nsnc56)cc4,367.0,538.0,H2O,78.3553,1.0
BTDPy,C1=CC(=NC=C1)C2=CC=C(C3=NSN=C23)Br,362.0,463.0,ACN,35.688,0.46
BTDPy,C1=CC(=NC=C1)C2=CC=C(C3=NSN=C23)Br,366.0,461.0,DCM,8.93,0.309
BTDPy,C1=CC(=NC=C1)C2=CC=C(C3=NSN=C23)Br,359.0,467.0,MeOH,32.613,0.762
BTDPy,C1=CC(=NC=C1)C2=CC=C(C3=NSN=C23)Br,367.0,459.0,THF,7.58,0.605
BTDPy,C1=CC(=NC=C1)C2=CC=C(C3=NSN=C23)Br,362.0,462.0,Ac,20.7,0.355
BTDPy,C1=CC(=NC=C1)C2=CC=C(C3=NSN=C23)Br,361.0,465.0,EtOH,24.852,0.654
BTDPy,C1=CC(=NC=C1)C2=CC=C(C3=NSN=C23)Br,369.0,458.0,TOL,2.3741,0.099
BTDPy,C1=CC(=NC=C1)C2=CC=C(C3=NSN=C23)Br,365.0,446.0,HEX,1.88,0.009
BTDPyMe,C[N+]1=C(C=CC=C1)C2=CC=C(C3=NSN=C23)Br,337.0,443.0,ACN,35.688,0.46
BTDPyMe,C[N+]1=C(C=CC=C1)C2=CC=C(C3=NSN=C23)Br,344.0,446.0,DCM,8.93,0.309
BTDPyMe,C[N+]1=C(C=CC=C1)C2=CC=C(C3=NSN=C23)Br,340.0,441.0,MeOH,32.613,0.762
BTDPyMe,C[N+]1=C(C=CC=C1)C2=CC=C(C3=NSN=C23)Br,353.0,455.0,THF,7.58,0.605
BTDPyMe,C[N+]1=C(C=CC=C1)C2=CC=C(C3=NSN=C23)Br,338.0,440.0,Ac,20.7,0.355
BTDPyMe,C[N+]1=C(C=CC=C1)C2=CC=C(C3=NSN=C23)Br,338.0,439.0,EtOH,24.852,0.654
BTDPyMe,C[N+]1=C(C=CC=C1)C2=CC=C(C3=NSN=C23)Br,340.0,460.0,TOL,2.3741,0.099
BTDShiny,COC1=CC=C(C=C1)C2=CC=C(C3=NC=CC=C3)C4=NSN=C24,403.0,552.0,ACN,35.688,0.46
BTDShiny,COC1=CC=C(C=C1)C2=CC=C(C3=NC=CC=C3)C4=NSN=C24,407.0,543.0,DCM,8.93,0.309
BTDShiny,COC1=CC=C(C=C1)C2=CC=C(C3=NC=CC=C3)C4=NSN=C24,407.0,566.0,MeOH,32.613,0.762
BTDShiny,COC1=CC=C(C=C1)C2=CC=C(C3=NC=CC=C3)C4=NSN=C24,412.0,534.0,THF,7.58,0.605
BTDShiny,COC1=CC=C(C=C1)C2=CC=C(C3=NC=CC=C3)C4=NSN=C24,407.0,545.0,Ac,20.7,0.355
BTDShiny,COC1=CC=C(C=C1)C2=CC=C(C3=NC=CC=C3)C4=NSN=C24,409.0,556.0,EtOH,24.852,0.654
BTDShiny,COC1=CC=C(C=C1)C2=CC=C(C3=NC=CC=C3)C4=NSN=C24,412.0,526.0,TOL,2.3741,0.099
BTDShiny,COC1=CC=C(C=C1)C2=CC=C(C3=NC=CC=C3)C4=NSN=C24,409.0,511.0,HEX,1.88,0.009
BTD-AO,CCCCCCCCC=CCCCCCCCC(=O)NC1=CC=CC2=NSN=C21,375.0,502.0,DMSO,46.826,0.444
BTD-AO,CCCCCCCCC=CCCCCCCCC(=O)NC1=CC=CC2=NSN=C21,379.0,499.0,H2O,78.3553,1.0
BTD-AO,CCCCCCCCC=CCCCCCCCC(=O)NC1=CC=CC2=NSN=C21,373.0,481.0,AcOEt,6.02,0.228
BTD-AO,CCCCCCCCC=CCCCCCCCC(=O)NC1=CC=CC2=NSN=C21,372.0,481.0,DCM,8.93,0.309
BTD-AO,CCCCCCCCC=CCCCCCCCC(=O)NC1=CC=CC2=NSN=C21,375.0,475.0,PHME,2.3741,0.099
BTD-AO,CCCCCCCCC=CCCCCCCCC(=O)NC1=CC=CC2=NSN=C21,365.0,505.0,EtOH,24.852,0.654
BTDNHBTD,C1=CC2=NSN=C2C(=C1)NC3=CC=CC4=NSN=C43,455.0,586.0,DMSO,46.826,0.444
BTDNHBTD,C1=CC2=NSN=C2C(=C1)NC3=CC=CC4=NSN=C43,458.0,607.0,H2O,78.3553,1.0
BTDNHBTD,C1=CC2=NSN=C2C(=C1)NC3=CC=CC4=NSN=C43,447.0,549.0,AcOEt,6.02,0.228
BTDNHBTD,C1=CC2=NSN=C2C(=C1)NC3=CC=CC4=NSN=C43,452.0,553.0,DCM,8.93,0.309
BTDNHBTD,C1=CC2=NSN=C2C(=C1)NC3=CC=CC4=NSN=C43,447.0,575.0,ACN,35.688,0.46
BTDNHBTD,C1=CC2=NSN=C2C(=C1)NC3=CC=CC4=NSN=C43,457.0,521.0,TOL,2.3741,0.099
BTDNHBTD,C1=CC2=NSN=C2C(=C1)NC3=CC=CC4=NSN=C43,451.0,556.0,EtOH,24.852,0.654
BTDNHBTD,C1=CC2=NSN=C2C(=C1)NC3=CC=CC4=NSN=C43,449.0,567.0,Ac,20.7,0.355
BTDNHBTD,C1=CC2=NSN=C2C(=C1)NC3=CC=CC4=NSN=C43,455.0,541.0,CFM,4.81,0.259
BTD-APPh,N(c1ccccn1)c2ccc(c3ccccc3)c4nsnc24,442.0,588.0,MeCN,37.5,0.46
BTD-APPh,N(c1ccccn1)c2ccc(c3ccccc3)c4nsnc24,448.0,578.0,AcOEt,6.02,0.228
BTD-APPh,N(c1ccccn1)c2ccc(c3ccccc3)c4nsnc24,449.0,568.0,PHME,2.3741,0.099
BTD-APPh,N(c1ccccn1)c2ccc(c3ccccc3)c4nsnc24,447.0,588.0,DCM,8.93,0.309
BTD-APPh,N(c1ccccn1)c2ccc(c3ccccc3)c4nsnc24,448.0,606.0,EtOH,24.852,0.654
BTD-APMPh,COc1ccc(cc1)c2ccc(Nc3ccccn3)c4nsnc24,447.0,614.0,MeCN,37.5,0.46
BTD-APMPh,COc1ccc(cc1)c2ccc(Nc3ccccn3)c4nsnc24,455.0,598.0,AcOEt,6.02,0.228
BTD-APMPh,COc1ccc(cc1)c2ccc(Nc3ccccn3)c4nsnc24,457.0,592.0,PHME,2.3741,0.099
BTD-APMPh,COc1ccc(cc1)c2ccc(Nc3ccccn3)c4nsnc24,455.0,610.0,DCM,8.93,0.309
BTD-APMPh,COc1ccc(cc1)c2ccc(Nc3ccccn3)c4nsnc24,453.0,620.0,EtOH,24.852,0.654
BTD-APTPh,N(c1ccccn1)c2ccc(C#Cc3ccccc3)c4nsnc24,454.0,600.0,MeCN,37.5,0.46
BTD-APTPh,N(c1ccccn1)c2ccc(C#Cc3ccccc3)c4nsnc24,459.0,580.0,AcOEt,6.02,0.228
BTD-APTPh,N(c1ccccn1)c2ccc(C#Cc3ccccc3)c4nsnc24,459.0,570.0,PHME,2.3741,0.099
BTD-APTPh,N(c1ccccn1)c2ccc(C#Cc3ccccc3)c4nsnc24,459.0,592.0,DCM,8.93,0.309
BTD-APTPh,N(c1ccccn1)c2ccc(C#Cc3ccccc3)c4nsnc24,460.0,616.0,EtOH,24.852,0.654
BTD-APTPy,N(c1ccccn1)c2ccc(C#Cc3ccccn3)c4nsnc24,451.0,590.0,MeCN,37.5,0.46
BTD-APTPy,N(c1ccccn1)c2ccc(C#Cc3ccccn3)c4nsnc24,455.0,572.0,AcOEt,6.02,0.228
BTD-APTPy,N(c1ccccn1)c2ccc(C#Cc3ccccn3)c4nsnc24,456.0,560.0,PHME,2.3741,0.099
BTD-APTPy,N(c1ccccn1)c2ccc(C#Cc3ccccn3)c4nsnc24,456.0,582.0,DCM,8.93,0.309
BTD-APTPy,N(c1ccccn1)c2ccc(C#Cc3ccccn3)c4nsnc24,457.0,602.0,EtOH,24.852,0.654
Splendor,COC1=CC=C(C=C1)C2=CC=C(C3=NSN=C23)C#CC4=CC=CC=N4,406.0,544.0,MeCN,37.5,0.46
Splendor,COC1=CC=C(C=C1)C2=CC=C(C3=NSN=C23)C#CC4=CC=CC=N4,406.0,518.0,AcOEt,6.02,0.228
Splendor,COC1=CC=C(C=C1)C2=CC=C(C3=NSN=C23)C#CC4=CC=CC=N4,410.0,510.0,PHME,2.3741,0.099
Splendor,COC1=CC=C(C=C1)C2=CC=C(C3=NSN=C23)C#CC4=CC=CC=N4,409.0,530.0,DCM,8.93,0.309
Splendor,COC1=CC=C(C=C1)C2=CC=C(C3=NSN=C23)C#CC4=CC=CC=N4,404.0,550.0,EtOH,24.852,0.654
BTDBrCCPh,C1=CC=C(C=C1)C#CC2=CC=C(C3=NSN=C23)Br,385.0,460.0,HEX,1.88,0.009
BTDBrCCPh,C1=CC=C(C=C1)C#CC2=CC=C(C3=NSN=C23)Br,385.0,457.0,TOL,2.3741,0.099
BTDBrCCPh,C1=CC=C(C=C1)C#CC2=CC=C(C3=NSN=C23)Br,385.0,480.0,DCM,8.93,0.309
BTDBrCCPh,C1=CC=C(C=C1)C#CC2=CC=C(C3=NSN=C23)Br,378.0,482.0,ACN,35.688,0.46
BTDBrCCPh,C1=CC=C(C=C1)C#CC2=CC=C(C3=NSN=C23)Br,381.0,465.0,AcOEt,6.02,0.228
BTDBrCCPh,C1=CC=C(C=C1)C#CC2=CC=C(C3=NSN=C23)Br,382.0,487.0,DMSO,46.826,0.444
BTDBrCCPh,C1=CC=C(C=C1)C#CC2=CC=C(C3=NSN=C23)Br,384.0,500.0,EtOH,24.852,0.654
BTDBrCCPh,C1=CC=C(C=C1)C#CC2=CC=C(C3=NSN=C23)Br,398.0,495.0,H2O,78.3553,1.0
BTDCCPh,s1nc2cccc(C#Cc3ccccc3)c2n1,367.0,427.0,HEX,1.88,0.009
BTDCCPh,s1nc2cccc(C#Cc3ccccc3)c2n1,367.0,447.0,TOL,2.3741,0.099
BTDCCPh,s1nc2cccc(C#Cc3ccccc3)c2n1,367.0,457.0,DCM,8.93,0.309
BTDCCPh,s1nc2cccc(C#Cc3ccccc3)c2n1,361.0,457.0,ACN,35.688,0.46
BTDCCPh,s1nc2cccc(C#Cc3ccccc3)c2n1,363.0,450.0,AcOEt,6.02,0.228
BTDCCPh,s1nc2cccc(C#Cc3ccccc3)c2n1,364.0,470.0,DMSO,46.826,0.444
BTDCCPh,s1nc2cccc(C#Cc3ccccc3)c2n1,366.0,485.0,EtOH,24.852,0.654
BTDCCPh,s1nc2cccc(C#Cc3ccccc3)c2n1,369.0,517.0,H2O,78.3553,1.0
BTD(CCPh)2,C1=CC=C(C=C1)C#CC2=CC=C(C3=NSN=C23)C#CC4=CC=CC=C4,411.0,460.0,HEX,1.88,0.009
BTD(CCPh)2,C1=CC=C(C=C1)C#CC2=CC=C(C3=NSN=C23)C#CC4=CC=CC=C4,413.0,487.0,TOL,2.3741,0.099
BTD(CCPh)2,C1=CC=C(C=C1)C#CC2=CC=C(C3=NSN=C23)C#CC4=CC=CC=C4,412.0,495.0,DCM,8.93,0.309
BTD(CCPh)2,C1=CC=C(C=C1)C#CC2=CC=C(C3=NSN=C23)C#CC4=CC=CC=C4,405.0,497.0,ACN,35.688,0.46
BTD(CCPh)2,C1=CC=C(C=C1)C#CC2=CC=C(C3=NSN=C23)C#CC4=CC=CC=C4,407.0,485.0,AcOEt,6.02,0.228
BTD(CCPh)2,C1=CC=C(C=C1)C#CC2=CC=C(C3=NSN=C23)C#CC4=CC=CC=C4,410.0,505.0,DMSO,46.826,0.444
BTD(CCPh)2,C1=CC=C(C=C1)C#CC2=CC=C(C3=NSN=C23)C#CC4=CC=CC=C4,410.0,525.0,EtOH,24.852,0.654
BTD(CCPh)2,C1=CC=C(C=C1)C#CC2=CC=C(C3=NSN=C23)C#CC4=CC=CC=C4,430.0,527.0,H2O,78.3553,1.0
BTDBI,Oc6ccc(Nc5cc(Nc3ccc(O)c(c2nc1ccccc1[nH]2)c3)c4nsnc4c5)cc6c8nc7ccccc7[nH]8,348.0,444.0,EtOH,24.852,0.654
BTDBI,Oc6ccc(Nc5cc(Nc3ccc(O)c(c2nc1ccccc1[nH]2)c3)c4nsnc4c5)cc6c8nc7ccccc7[nH]8,356.0,438.0,MeCN,37.5,0.46
BTDBI,Oc6ccc(Nc5cc(Nc3ccc(O)c(c2nc1ccccc1[nH]2)c3)c4nsnc4c5)cc6c8nc7ccccc7[nH]8,353.0,462.0,H2O,78.3553,1.0
BTDBT,Oc6ccc(Nc5cc(Nc3ccc(O)c(c2nc1ccccc1s2)c3)c4nsnc4c5)cc6c8nc7ccccc7s8,344.0,445.0,EtOH,24.852,0.654
BTDBT,Oc6ccc(Nc5cc(Nc3ccc(O)c(c2nc1ccccc1s2)c3)c4nsnc4c5)cc6c8nc7ccccc7s8,345.0,440.0,MeCN,37.5,0.46
BTDBT,Oc6ccc(Nc5cc(Nc3ccc(O)c(c2nc1ccccc1s2)c3)c4nsnc4c5)cc6c8nc7ccccc7s8,345.0,463.0,H2O,78.3553,1.0
BTD-Cou-A,CCN(CC)c1ccc2C=C(C(=O)Nc3cccc4nsnc34)C(=O)Oc2c1,433.0,486.0,AcOEt,6.02,0.228
BTD-Cou-A,CCN(CC)c1ccc2C=C(C(=O)Nc3cccc4nsnc34)C(=O)Oc2c1,438.0,473.0,ACN,35.688,0.46
BTD-Cou-A,CCN(CC)c1ccc2C=C(C(=O)Nc3cccc4nsnc34)C(=O)Oc2c1,450.0,527.0,H2O,78.3553,1.0
BTD-Cou-A,CCN(CC)c1ccc2C=C(C(=O)Nc3cccc4nsnc34)C(=O)Oc2c1,422.0,443.0,HEX,1.88,0.009
BTD-Cou-A,CCN(CC)c1ccc2C=C(C(=O)Nc3cccc4nsnc34)C(=O)Oc2c1,440.0,473.0,EtOH,24.852,0.654
BTD-Cou-A,CCN(CC)c1ccc2C=C(C(=O)Nc3cccc4nsnc34)C(=O)Oc2c1,446.0,467.0,DMSO,46.826,0.444
BTD-Cou-A,CCN(CC)c1ccc2C=C(C(=O)Nc3cccc4nsnc34)C(=O)Oc2c1,440.0,500.0,DCM,8.93,0.309
BTD-Cou-A,CCN(CC)c1ccc2C=C(C(=O)Nc3cccc4nsnc34)C(=O)Oc2c1,434.0,477.0,TOL,2.3741,0.099
BTD-Cou-B,CC1=CC(=O)Oc2cc(Nc3cccc4nsnc34)ccc12,431.0,544.0,AcOEt,6.02,0.228
BTD-Cou-B,CC1=CC(=O)Oc2cc(Nc3cccc4nsnc34)ccc12,425.0,561.0,ACN,35.688,0.46
BTD-Cou-B,CC1=CC(=O)Oc2cc(Nc3cccc4nsnc34)ccc12,444.0,519.0,H2O,78.3553,1.0
BTD-Cou-B,CC1=CC(=O)Oc2cc(Nc3cccc4nsnc34)ccc12,427.0,524.0,HEX,1.88,0.009
BTD-Cou-B,CC1=CC(=O)Oc2cc(Nc3cccc4nsnc34)ccc12,431.0,575.0,EtOH,24.852,0.654
BTD-Cou-B,CC1=CC(=O)Oc2cc(Nc3cccc4nsnc34)ccc12,438.0,588.0,DMSO,46.826,0.444
BTD-Cou-B,CC1=CC(=O)Oc2cc(Nc3cccc4nsnc34)ccc12,428.0,555.0,DCM,8.93,0.309
BTD-Cou-B,CC1=CC(=O)Oc2cc(Nc3cccc4nsnc34)ccc12,432.0,538.0,TOL,2.3741,0.099
BTD-Lip,COc5ccc(c3ccc(Nc2ccc1oc(=O)cc(C)c1c2)c4nsnc34)cc5,467.0,585.0,HEX,1.88,0.009
BTD-Lip,COc5ccc(c3ccc(Nc2ccc1oc(=O)cc(C)c1c2)c4nsnc34)cc5,460.0,600.0,TOL,2.3741,0.099
BTD-Lip,COc5ccc(c3ccc(Nc2ccc1oc(=O)cc(C)c1c2)c4nsnc34)cc5,465.0,605.0,AcOEt,6.02,0.228
BTD-Lip,COc5ccc(c3ccc(Nc2ccc1oc(=O)cc(C)c1c2)c4nsnc34)cc5,483.0,628.0,H2O,78.3553,1.0
BTD-Lip,COc5ccc(c3ccc(Nc2ccc1oc(=O)cc(C)c1c2)c4nsnc34)cc5,462.0,608.0,DCM,8.93,0.309
BTD-Lip,COc5ccc(c3ccc(Nc2ccc1oc(=O)cc(C)c1c2)c4nsnc34)cc5,459.0,605.0,CFM,4.81,0.259
BTD-Lip,COc5ccc(c3ccc(Nc2ccc1oc(=O)cc(C)c1c2)c4nsnc34)cc5,463.0,626.0,EtOH,24.852,0.654
BTD-Lip,COc5ccc(c3ccc(Nc2ccc1oc(=O)cc(C)c1c2)c4nsnc34)cc5,459.0,640.0,MeOH,32.613,0.762
BTD-Lip,COc5ccc(c3ccc(Nc2ccc1oc(=O)cc(C)c1c2)c4nsnc34)cc5,455.0,624.0,ACN,35.688,0.46
BTD-Lip,COc5ccc(c3ccc(Nc2ccc1oc(=O)cc(C)c1c2)c4nsnc34)cc5,469.0,643.0,DMSO,46.826,0.444
3a,O=C(/C=C/c5ccc(c3ccc(c2ccc(/C=C/C(=O)c1ccccc1O)cc2)c4nsnc34)cc5)c6ccccc6O,406.0,495.0,CFM,4.81,0.259
3a,O=C(/C=C/c5ccc(c3ccc(c2ccc(/C=C/C(=O)c1ccccc1O)cc2)c4nsnc34)cc5)c6ccccc6O,406.0,494.0,THF,7.58,0.605
3a,O=C(/C=C/c5ccc(c3ccc(c2ccc(/C=C/C(=O)c1ccccc1O)cc2)c4nsnc34)cc5)c6ccccc6O,404.0,494.0,DCM,8.93,0.309
3a,O=C(/C=C/c5ccc(c3ccc(c2ccc(/C=C/C(=O)c1ccccc1O)cc2)c4nsnc34)cc5)c6ccccc6O,409.0,511.0,DMSO,46.826,0.444
3a,O=C(/C=C/c5ccc(c3ccc(c2ccc(/C=C/C(=O)c1ccccc1O)cc2)c4nsnc34)cc5)c6ccccc6O,402.0,495.0,Ac,20.7,0.355
3a,O=C(/C=C/c5ccc(c3ccc(c2ccc(/C=C/C(=O)c1ccccc1O)cc2)c4nsnc34)cc5)c6ccccc6O,404.0,500.0,EtOH,24.852,0.654
3a,O=C(/C=C/c5ccc(c3ccc(c2ccc(/C=C/C(=O)c1ccccc1O)cc2)c4nsnc34)cc5)c6ccccc6O,400.0,500.0,MeCN,37.5,0.46
3a,O=C(/C=C/c5ccc(c3ccc(c2ccc(/C=C/C(=O)c1ccccc1O)cc2)c4nsnc34)cc5)c6ccccc6O,402.0,503.0,MeOH,32.613,0.762
3b,COc1ccccc1C(=O)/C=C/c6ccc(c4ccc(c3ccc(/C=C/C(=O)c2ccccc2OC)cc3)c5nsnc45)cc6,399.0,499.0,CFM,4.81,0.259
3b,COc1ccccc1C(=O)/C=C/c6ccc(c4ccc(c3ccc(/C=C/C(=O)c2ccccc2OC)cc3)c5nsnc45)cc6,404.0,503.0,THF,7.58,0.605
3b,COc1ccccc1C(=O)/C=C/c6ccc(c4ccc(c3ccc(/C=C/C(=O)c2ccccc2OC)cc3)c5nsnc45)cc6,402.0,501.0,DCM,8.93,0.309
3b,COc1ccccc1C(=O)/C=C/c6ccc(c4ccc(c3ccc(/C=C/C(=O)c2ccccc2OC)cc3)c5nsnc45)cc6,408.0,499.0,DMSO,46.826,0.444
3b,COc1ccccc1C(=O)/C=C/c6ccc(c4ccc(c3ccc(/C=C/C(=O)c2ccccc2OC)cc3)c5nsnc45)cc6,400.0,505.0,Ac,20.7,0.355
3b,COc1ccccc1C(=O)/C=C/c6ccc(c4ccc(c3ccc(/C=C/C(=O)c2ccccc2OC)cc3)c5nsnc45)cc6,403.0,501.0,EtOH,24.852,0.654
3b,COc1ccccc1C(=O)/C=C/c6ccc(c4ccc(c3ccc(/C=C/C(=O)c2ccccc2OC)cc3)c5nsnc45)cc6,398.0,505.0,MeCN,37.5,0.46
3b,COc1ccccc1C(=O)/C=C/c6ccc(c4ccc(c3ccc(/C=C/C(=O)c2ccccc2OC)cc3)c5nsnc45)cc6,403.0,502.0,MeOH,32.613,0.762
3c,O=C(/C=C/c5ccc(c3ccc(c2ccc(/C=C/C(=O)c1ccccc1)cc2)c4nsnc34)cc5)c6ccccc6,399.0,497.0,CFM,4.81,0.259
3c,O=C(/C=C/c5ccc(c3ccc(c2ccc(/C=C/C(=O)c1ccccc1)cc2)c4nsnc34)cc5)c6ccccc6,404.0,501.0,THF,7.58,0.605
3c,O=C(/C=C/c5ccc(c3ccc(c2ccc(/C=C/C(=O)c1ccccc1)cc2)c4nsnc34)cc5)c6ccccc6,399.0,499.0,DCM,8.93,0.309
3c,O=C(/C=C/c5ccc(c3ccc(c2ccc(/C=C/C(=O)c1ccccc1)cc2)c4nsnc34)cc5)c6ccccc6,406.0,513.0,DMSO,46.826,0.444
3c,O=C(/C=C/c5ccc(c3ccc(c2ccc(/C=C/C(=O)c1ccccc1)cc2)c4nsnc34)cc5)c6ccccc6,400.0,503.0,Ac,20.7,0.355
3c,O=C(/C=C/c5ccc(c3ccc(c2ccc(/C=C/C(=O)c1ccccc1)cc2)c4nsnc34)cc5)c6ccccc6,402.0,500.0,EtOH,24.852,0.654
3c,O=C(/C=C/c5ccc(c3ccc(c2ccc(/C=C/C(=O)c1ccccc1)cc2)c4nsnc34)cc5)c6ccccc6,396.0,503.0,MeCN,37.5,0.46
3c,O=C(/C=C/c5ccc(c3ccc(c2ccc(/C=C/C(=O)c1ccccc1)cc2)c4nsnc34)cc5)c6ccccc6,402.0,501.0,MeOH,32.613,0.762
6,COc5ccc(Oc3ccc(c2ccc(/C=C/C(=O)c1ccc(OC)cc1)cc2)c4nsnc34)cc5,407.0,517.0,CFM,4.81,0.259
6,COc5ccc(Oc3ccc(c2ccc(/C=C/C(=O)c1ccc(OC)cc1)cc2)c4nsnc34)cc5,409.0,513.0,THF,7.58,0.605
6,COc5ccc(Oc3ccc(c2ccc(/C=C/C(=O)c1ccc(OC)cc1)cc2)c4nsnc34)cc5,407.0,519.0,DCM,8.93,0.309
6,COc5ccc(Oc3ccc(c2ccc(/C=C/C(=O)c1ccc(OC)cc1)cc2)c4nsnc34)cc5,410.0,535.0,DMSO,46.826,0.444
6,COc5ccc(Oc3ccc(c2ccc(/C=C/C(=O)c1ccc(OC)cc1)cc2)c4nsnc34)cc5,406.0,520.0,Ac,20.7,0.355
6,COc5ccc(Oc3ccc(c2ccc(/C=C/C(=O)c1ccc(OC)cc1)cc2)c4nsnc34)cc5,409.0,522.0,EtOH,24.852,0.654
6,COc5ccc(Oc3ccc(c2ccc(/C=C/C(=O)c1ccc(OC)cc1)cc2)c4nsnc34)cc5,405.0,524.0,MeCN,37.5,0.46
6,COc5ccc(Oc3ccc(c2ccc(/C=C/C(=O)c1ccc(OC)cc1)cc2)c4nsnc34)cc5,409.0,527.0,MeOH,32.613,0.762
3a,O=C(/C=C/c5ccc(c3ccc(c2ccc(/C=C/C(=O)c1ccccc1O)cc2)c4nsnc34)cc5)c6ccccc6O,388.0,490.0,CHX,2.02,0.006
3a,O=C(/C=C/c5ccc(c3ccc(c2ccc(/C=C/C(=O)c1ccccc1O)cc2)c4nsnc34)cc5)c6ccccc6O,390.0,502.0,TOL,2.3741,0.099
3a,O=C(/C=C/c5ccc(c3ccc(c2ccc(/C=C/C(=O)c1ccccc1O)cc2)c4nsnc34)cc5)c6ccccc6O,388.0,514.0,DCM,8.93,0.309
3a,O=C(/C=C/c5ccc(c3ccc(c2ccc(/C=C/C(=O)c1ccccc1O)cc2)c4nsnc34)cc5)c6ccccc6O,388.0,518.0,IPropOH,17.9,0.546
3b,COc1ccccc1C(=O)/C=C/c6ccc(c4ccc(c3ccc(/C=C/C(=O)c2ccccc2OC)cc3)c5nsnc45)cc6,377.0,468.0,CHX,2.02,0.006
3b,COc1ccccc1C(=O)/C=C/c6ccc(c4ccc(c3ccc(/C=C/C(=O)c2ccccc2OC)cc3)c5nsnc45)cc6,375.0,484.0,TOL,2.3741,0.099
3b,COc1ccccc1C(=O)/C=C/c6ccc(c4ccc(c3ccc(/C=C/C(=O)c2ccccc2OC)cc3)c5nsnc45)cc6,375.0,511.0,DCM,8.93,0.309
3b,COc1ccccc1C(=O)/C=C/c6ccc(c4ccc(c3ccc(/C=C/C(=O)c2ccccc2OC)cc3)c5nsnc45)cc6,376.0,489.0,IPropOH,17.9,0.546
3c,O=C(/C=C/c5ccc(c3ccc(c2ccc(/C=C/C(=O)c1ccccc1)cc2)c4nsnc34)cc5)c6ccccc6,395.0,485.0,CHX,2.02,0.006
3c,O=C(/C=C/c5ccc(c3ccc(c2ccc(/C=C/C(=O)c1ccccc1)cc2)c4nsnc34)cc5)c6ccccc6,398.0,496.0,TOL,2.3741,0.099
3c,O=C(/C=C/c5ccc(c3ccc(c2ccc(/C=C/C(=O)c1ccccc1)cc2)c4nsnc34)cc5)c6ccccc6,396.0,510.0,DCM,8.93,0.309
3c,O=C(/C=C/c5ccc(c3ccc(c2ccc(/C=C/C(=O)c1ccccc1)cc2)c4nsnc34)cc5)c6ccccc6,397.0,510.0,IPropOH,17.9,0.546
3d,COc5ccc(Oc3ccc(c1ccccc1c2ccccc2)c4nsnc34)cc5,380.0,485.0,CHX,2.02,0.006
3d,COc5ccc(Oc3ccc(c1ccccc1c2ccccc2)c4nsnc34)cc5,383.0,497.0,TOL,2.3741,0.099
3d,COc5ccc(Oc3ccc(c1ccccc1c2ccccc2)c4nsnc34)cc5,382.0,509.0,DCM,8.93,0.309
3d,COc5ccc(Oc3ccc(c1ccccc1c2ccccc2)c4nsnc34)cc5,380.0,507.0,IPropOH,17.9,0.546
3e,COc5c(C)cc(c3ccc(Oc2ccc1ccccc1c2)c4nsnc34)cc5C,389.0,486.0,CHX,2.02,0.006
3e,COc5c(C)cc(c3ccc(Oc2ccc1ccccc1c2)c4nsnc34)cc5C,389.0,497.0,TOL,2.3741,0.099
3e,COc5c(C)cc(c3ccc(Oc2ccc1ccccc1c2)c4nsnc34)cc5C,384.0,509.0,DCM,8.93,0.309
3e,COc5c(C)cc(c3ccc(Oc2ccc1ccccc1c2)c4nsnc34)cc5C,391.0,519.0,IPropOH,17.9,0.546
3f,Cc1ccccc1c4ccc(Oc3ccc2ccccc2c3)c5nsnc45,383.0,502.0,CHX,2.02,0.006
3f,Cc1ccccc1c4ccc(Oc3ccc2ccccc2c3)c5nsnc45,385.0,512.0,TOL,2.3741,0.099
3f,Cc1ccccc1c4ccc(Oc3ccc2ccccc2c3)c5nsnc45,383.0,535.0,DCM,8.93,0.309
3f,Cc1ccccc1c4ccc(Oc3ccc2ccccc2c3)c5nsnc45,385.0,546.0,IPropOH,17.9,0.546
4a,COc6ccc(Oc4ccc(N3c1ccccc1CCc2ccccc23)c5nsnc45)cc6,455.0,574.0,CHX,2.02,0.006
4a,COc6ccc(Oc4ccc(N3c1ccccc1CCc2ccccc23)c5nsnc45)cc6,460.0,594.0,TOL,2.3741,0.099
4a,COc6ccc(Oc4ccc(N3c1ccccc1CCc2ccccc23)c5nsnc45)cc6,461.0,619.0,DCM,8.93,0.309
4a,COc6ccc(Oc4ccc(N3c1ccccc1CCc2ccccc23)c5nsnc45)cc6,460.0,614.0,IPropOH,17.9,0.546
5a,Cc4cccc(c2ccc(c1ccccc1C)c3nsnc23)c4,382.0,470.0,CHX,2.02,0.006
5a,Cc4cccc(c2ccc(c1ccccc1C)c3nsnc23)c4,385.0,479.0,TOL,2.3741,0.099
5a,Cc4cccc(c2ccc(c1ccccc1C)c3nsnc23)c4,381.0,492.0,DCM,8.93,0.309
5a,Cc4cccc(c2ccc(c1ccccc1C)c3nsnc23)c4,382.0,494.0,IPropOH,17.9,0.546
5b,COc4c(C)cc(c2ccc(c1cc(C)c(OC)c(C)c1)c3nsnc23)cc4C,396.0,497.0,CHX,2.02,0.006
5b,COc4c(C)cc(c2ccc(c1cc(C)c(OC)c(C)c1)c3nsnc23)cc4C,399.0,510.0,TOL,2.3741,0.099
5b,COc4c(C)cc(c2ccc(c1cc(C)c(OC)c(C)c1)c3nsnc23)cc4C,395.0,524.0,DCM,8.93,0.309
5b,COc4c(C)cc(c2ccc(c1cc(C)c(OC)c(C)c1)c3nsnc23)cc4C,397.0,529.0,IPropOH,17.9,0.546
5c,C1Cc2ccccc2N(c3ccccc13)c4ccc(N5c6ccccc6CCc7ccccc57)c8nsnc48,470.0,632.0,CHX,2.02,0.006
5c,C1Cc2ccccc2N(c3ccccc13)c4ccc(N5c6ccccc6CCc7ccccc57)c8nsnc48,469.0,650.0,TOL,2.3741,0.099
5c,C1Cc2ccccc2N(c3ccccc13)c4ccc(N5c6ccccc6CCc7ccccc57)c8nsnc48,465.0,639.0,DCM,8.93,0.309
5c,C1Cc2ccccc2N(c3ccccc13)c4ccc(N5c6ccccc6CCc7ccccc57)c8nsnc48,469.0,641.0,IPropOH,17.9,0.546
5d,C1C=CC2OC3C=CC=CC=3N(C3C4C(=NSN=4)C(N4C5C=CC=CC=5OC5C=CC=CC4=5)=CC=3)C=2C=1,520.0,786.0,IPropOH,17.9,0.546
9a,CCCCCCCCCCCCOC1=C(C=C(C=C1)C#CC2=CC=C(C3=NSN=C23)C#CC4=CC(=C(C=C4)OCCCCCCCCCCCC)OCCCCCCCCCCCC)OCCCCCCCCCCCC,445.0,530.0,TOL,2.3741,0.099
9a,CCCCCCCCCCCCOC1=C(C=C(C=C1)C#CC2=CC=C(C3=NSN=C23)C#CC4=CC(=C(C=C4)OCCCCCCCCCCCC)OCCCCCCCCCCCC)OCCCCCCCCCCCC,439.0,540.0,DIOX,2.25,0.164
9a,CCCCCCCCCCCCOC1=C(C=C(C=C1)C#CC2=CC=C(C3=NSN=C23)C#CC4=CC(=C(C=C4)OCCCCCCCCCCCC)OCCCCCCCCCCCC)OCCCCCCCCCCCC,442.0,562.0,DCM,8.93,0.309
9b,CCCCCCCCCCOC1=C(C=C(C=C1)C#CC2=CC=C(C3=NSN=C23)C#CC4=CC(=C(C=C4)OCCCCCCCCCC)OCCCCCCCCCC)OCCCCCCCCCC,445.0,530.0,TOL,2.3741,0.099
9b,CCCCCCCCCCOC1=C(C=C(C=C1)C#CC2=CC=C(C3=NSN=C23)C#CC4=CC(=C(C=C4)OCCCCCCCCCC)OCCCCCCCCCC)OCCCCCCCCCC,439.0,541.0,DIOX,2.25,0.164
9b,CCCCCCCCCCOC1=C(C=C(C=C1)C#CC2=CC=C(C3=NSN=C23)C#CC4=CC(=C(C=C4)OCCCCCCCCCC)OCCCCCCCCCC)OCCCCCCCCCC,442.0,563.0,DCM,8.93,0.309
9c,CCCCCCCCOC1=C(C=C(C=C1)C#CC2=CC=C(C3=NSN=C23)C#CC4=CC(=C(C=C4)OCCCCCCCC)OCCCCCCCC)OCCCCCCCC,445.0,533.0,TOL,2.3741,0.099
9c,CCCCCCCCOC1=C(C=C(C=C1)C#CC2=CC=C(C3=NSN=C23)C#CC4=CC(=C(C=C4)OCCCCCCCC)OCCCCCCCC)OCCCCCCCC,439.0,541.0,DIOX,2.25,0.164
9c,CCCCCCCCOC1=C(C=C(C=C1)C#CC2=CC=C(C3=NSN=C23)C#CC4=CC(=C(C=C4)OCCCCCCCC)OCCCCCCCC)OCCCCCCCC,442.0,563.0,DCM,8.93,0.309
BTD-CH,COc1ccc(Oc2ccc(c3ccc(\C=C\C(=O)c4ccc(OC)cc4)cc3)c5nsnc25)cc1,393.0,515.0,DCM,8.93,0.309
BTD-CH,COc1ccc(Oc2ccc(c3ccc(\C=C\C(=O)c4ccc(OC)cc4)cc3)c5nsnc25)cc1,398.0,513.0,EtOH,24.852,0.654
BTD-CH,COc1ccc(Oc2ccc(c3ccc(\C=C\C(=O)c4ccc(OC)cc4)cc3)c5nsnc25)cc1,390.0,508.0,MeCN,37.5,0.46
BTD-CH,COc1ccc(Oc2ccc(c3ccc(\C=C\C(=O)c4ccc(OC)cc4)cc3)c5nsnc25)cc1,393.0,517.0,DMSO,46.826,0.444
BTD-CH-TPA,COc1ccc(Oc2ccc(c3ccc(/C=C/C(=O)c4ccc(cc4)N(c5ccccc5)c6ccccc6)cc3)c7nsnc27)cc1,393.0,540.0,DCM,8.93,0.309
BTD-CH-TPA,COc1ccc(Oc2ccc(c3ccc(/C=C/C(=O)c4ccc(cc4)N(c5ccccc5)c6ccccc6)cc3)c7nsnc27)cc1,395.0,551.0,EtOH,24.852,0.654
BTD-CH-TPA,COc1ccc(Oc2ccc(c3ccc(/C=C/C(=O)c4ccc(cc4)N(c5ccccc5)c6ccccc6)cc3)c7nsnc27)cc1,386.0,547.0,MeCN,37.5,0.46
BTD-CH-TPA,COc1ccc(Oc2ccc(c3ccc(/C=C/C(=O)c4ccc(cc4)N(c5ccccc5)c6ccccc6)cc3)c7nsnc27)cc1,397.0,546.0,DMSO,46.826,0.444
BTD-FL,COC1=CC=C(C=C1)OC2=CC=C(C3=CC=C(CC3)C=C4C5=C(CCC=C5)C6=C4C=CCC6)C7=NSN=C27,408.0,565.0,DCM,8.93,0.309
BTD-FL,COC1=CC=C(C=C1)OC2=CC=C(C3=CC=C(CC3)C=C4C5=C(CCC=C5)C6=C4C=CCC6)C7=NSN=C27,413.0,530.0,EtOH,24.852,0.654
BTD-FL,COC1=CC=C(C=C1)OC2=CC=C(C3=CC=C(CC3)C=C4C5=C(CCC=C5)C6=C4C=CCC6)C7=NSN=C27,400.0,530.0,MeCN,37.5,0.46
BTD-FL,COC1=CC=C(C=C1)OC2=CC=C(C3=CC=C(CC3)C=C4C5=C(CCC=C5)C6=C4C=CCC6)C7=NSN=C27,410.0,535.0,DMSO,46.826,0.444
EFBT,CCCCCCCCC1(CCCCCCCC)c2ccccc2c3ccc(cc13)C#Cc4sc(cc4)c5ccc(c6sc(cc6)C#Cc7ccc8c9ccccc9C(CCCCCCCC)(CCCCCCCC)c8c7)c%10nsnc5%10,365.0,628.0,THF,7.58,0.605
BTD-1,CCCCNC1=CC=C(C2=CC=C(C=C2)OC)C3=NSN=C13,470.0,653.0,TOL,2.3741,0.099
BTD-1,CCCCNC1=CC=C(C2=CC=C(C=C2)OC)C3=NSN=C13,469.0,688.0,MeCN,37.5,0.46
BTD-2,COC1=CC=C(C=C1)C2=CC=C(C3=NSN=C23)NC4=CC=C(C=C4)C#N,460.0,584.0,TOL,2.3741,0.099
BTD-2,COC1=CC=C(C=C1)C2=CC=C(C3=NSN=C23)NC4=CC=C(C=C4)C#N,447.0,607.0,MeCN,37.5,0.46
4,CC(C)(C)C1=NC2=C(C3=C4C=CC=CC4=CC=C31)C5=NSN=C5C6=C2N=C(C7=C6C8=C(C=CC=C8)C=C7)C(C)(C)C,353.0,454.0,TOL,2.3741,0.099
4,CC(C)(C)C1=NC2=C(C3=C4C=CC=CC4=CC=C31)C5=NSN=C5C6=C2N=C(C7=C6C8=C(C=CC=C8)C=C7)C(C)(C)C,353.0,457.0,THF,7.58,0.605
4,CC(C)(C)C1=NC2=C(C3=C4C=CC=CC4=CC=C31)C5=NSN=C5C6=C2N=C(C7=C6C8=C(C=CC=C8)C=C7)C(C)(C)C,354.0,465.0,CFM,4.81,0.259
4,CC(C)(C)C1=NC2=C(C3=C4C=CC=CC4=CC=C31)C5=NSN=C5C6=C2N=C(C7=C6C8=C(C=CC=C8)C=C7)C(C)(C)C,350.0,489.0,MeOH,32.613,0.762
4,CC(C)(C)C1=NC2=C(C3=C4C=CC=CC4=CC=C31)C5=NSN=C5C6=C2N=C(C7=C6C8=C(C=CC=C8)C=C7)C(C)(C)C,349.0,471.0,DMSO,46.826,0.444
BTD-2,COC1=CC=C(C=C1)C2=CC=C(C3=NSN=C23)NC4=CC=C(C=C4)C#N,400.0,530.0,DCM,8.93,0.309
BTD-3,CN1C2=C(C=CC=C2)C(=N1)/C=C/C3=CC=CC4=NSN=C34,410.0,551.0,DCM,8.93,0.309
BTD-4,CN1C(=C2C=CC=CC2=N1)/C=C/C3=CC=CC4=NSN=C34,430.0,584.0,DCM,8.93,0.309
NK1,CC1=CC=CC(=C1)C2=CC=C(C3=CC=CC(=C3)C)C4=NSN=C24,446.0,492.0,CFM,4.81,0.259
NK2,C1=C(C2=CC(=C(C(=C2)F)F)F)C3=NSN=C3C(=C1)C4=CC(=C(C(=C4)F)F)F,458.0,492.0,CFM,4.81,0.259
NK3,CC1=CC=CC(=C1)C2=CC=C(C3=CC=C(C4=CC=C(C5=CC=CC(=C5)C)S4)C6=NSN=C36)S2,487.0,608.0,CFM,4.81,0.259
XBTD-NPh,CC(C)(C)c1nc2c3nc(c4cc(ccc4c3c5nsnc5c2c6ccc(cc16)N(c7ccccc7)c8ccccc8)N(c9ccccc9)c%10ccccc%10)C(C)(C)C,468.0,531.0,PHME,2.3741,0.099
XBTD-NPh,CC(C)(C)c1nc2c3nc(c4cc(ccc4c3c5nsnc5c2c6ccc(cc16)N(c7ccccc7)c8ccccc8)N(c9ccccc9)c%10ccccc%10)C(C)(C)C,475.0,571.0,CFM,4.81,0.259
XBTD-NPh,CC(C)(C)c1nc2c3nc(c4cc(ccc4c3c5nsnc5c2c6ccc(cc16)N(c7ccccc7)c8ccccc8)N(c9ccccc9)c%10ccccc%10)C(C)(C)C,468.0,560.0,THF,7.58,0.605
XBTD-NPh,CC(C)(C)c1nc2c3nc(c4cc(ccc4c3c5nsnc5c2c6ccc(cc16)N(c7ccccc7)c8ccccc8)N(c9ccccc9)c%10ccccc%10)C(C)(C)C,469.0,630.0,MeOH,32.613,0.762
XBTD-NPh,CC(C)(C)c1nc2c3nc(c4cc(ccc4c3c5nsnc5c2c6ccc(cc16)N(c7ccccc7)c8ccccc8)N(c9ccccc9)c%10ccccc%10)C(C)(C)C,470.0,631.0,DMSO,46.826,0.444
4A,CC(C)(C)C1=NC2=C(C3=CC=CC=C3)C4=NSN=C4C(=C2N1)C5=CC=CC=C5,444.0,518.0,PHME,2.3741,0.099
4A,CC(C)(C)C1=NC2=C(C3=CC=CC=C3)C4=NSN=C4C(=C2N1)C5=CC=CC=C5,440.0,526.0,CFM,4.81,0.259
4A,CC(C)(C)C1=NC2=C(C3=CC=CC=C3)C4=NSN=C4C(=C2N1)C5=CC=CC=C5,445.0,520.0,THF,7.58,0.605
4A,CC(C)(C)C1=NC2=C(C3=CC=CC=C3)C4=NSN=C4C(=C2N1)C5=CC=CC=C5,435.0,547.0,MeOH,32.613,0.762
4A,CC(C)(C)C1=NC2=C(C3=CC=CC=C3)C4=NSN=C4C(=C2N1)C5=CC=CC=C5,445.0,541.0,DMSO,46.826,0.444
4B,CC(C)(C)C1=NC2=C(C3=CC=CC4=C3C=CC=C4)C5=NSN=C5C(=C2N1)C6=C7C=CC=CC7=CC=C6,425.0,507.0,PHME,2.3741,0.099
4B,CC(C)(C)C1=NC2=C(C3=CC=CC4=C3C=CC=C4)C5=NSN=C5C(=C2N1)C6=C7C=CC=CC7=CC=C6,424.0,517.0,CFM,4.81,0.259
4B,CC(C)(C)C1=NC2=C(C3=CC=CC4=C3C=CC=C4)C5=NSN=C5C(=C2N1)C6=C7C=CC=CC7=CC=C6,424.0,507.0,THF,7.58,0.605
4B,CC(C)(C)C1=NC2=C(C3=CC=CC4=C3C=CC=C4)C5=NSN=C5C(=C2N1)C6=C7C=CC=CC7=CC=C6,419.0,528.0,MeOH,32.613,0.762
4B,CC(C)(C)C1=NC2=C(C3=CC=CC4=C3C=CC=C4)C5=NSN=C5C(=C2N1)C6=C7C=CC=CC7=CC=C6,427.0,525.0,DMSO,46.826,0.444
4B,CC(C)(C)C1=NC2=C(C3=CC=CC4=C3C=CC=C4)C5=NSN=C5C(=C2N1)C6=C7C=CC=CC7=CC=C6,430.0,535.0,H2O,78.35,1.0
4C,CC(C)(C)C1=NC2=C(C3=CC=C(C=C3)N(C4=CC=CC=C4)C5=CC=CC=C5)C6=NSN=C6C(=C2N1)C7=CC=C(C=C7)N(C8=CC=CC=C8)C9=CC=CC=C9,492.0,622.0,PHME,2.3741,0.099
4C,CC(C)(C)C1=NC2=C(C3=CC=C(C=C3)N(C4=CC=CC=C4)C5=CC=CC=C5)C6=NSN=C6C(=C2N1)C7=CC=C(C=C7)N(C8=CC=CC=C8)C9=CC=CC=C9,498.0,645.0,CFM,4.81,0.259
4C,CC(C)(C)C1=NC2=C(C3=CC=C(C=C3)N(C4=CC=CC=C4)C5=CC=CC=C5)C6=NSN=C6C(=C2N1)C7=CC=C(C=C7)N(C8=CC=CC=C8)C9=CC=CC=C9,489.0,628.0,THF,7.58,0.605
4C,CC(C)(C)C1=NC2=C(C3=CC=C(C=C3)N(C4=CC=CC=C4)C5=CC=CC=C5)C6=NSN=C6C(=C2N1)C7=CC=C(C=C7)N(C8=CC=CC=C8)C9=CC=CC=C9,489.0,665.0,DMSO,46.826,0.444
4C,CC(C)(C)C1=NC2=C(C3=CC=C(C=C3)N(C4=CC=CC=C4)C5=CC=CC=C5)C6=NSN=C6C(=C2N1)C7=CC=C(C=C7)N(C8=CC=CC=C8)C9=CC=CC=C9,490.0,660.0,H2O,78.35,1.0
styril-BTD-4,COC1=CC=C(C=C1)OC2=CC=C(C=CC3=CC=CC=C3)C4=NSN=C24,420.0,534.0,CHX,2.02,0.006
styril-BTD-4,COC1=CC=C(C=C1)OC2=CC=C(C=CC3=CC=CC=C3)C4=NSN=C24,421.0,542.0,PHME,2.3741,0.099
styril-BTD-4,COC1=CC=C(C=C1)OC2=CC=C(C=CC3=CC=CC=C3)C4=NSN=C24,421.0,557.0,DCM,8.93,0.309
styril-BTD-4,COC1=CC=C(C=C1)OC2=CC=C(C=CC3=CC=CC=C3)C4=NSN=C24,415.0,563.0,MeCN,37.5,0.46
styril-BTD-4,COC1=CC=C(C=C1)OC2=CC=C(C=CC3=CC=CC=C3)C4=NSN=C24,420.0,578.0,EtOH,24.852,0.654
styril-BTD-5,C1=CC=C(C=C1)/C=C/C2=CC=C(C3=C(C=CC=C3)C4=CC=CC=C4)C5=NSN=C25,409.0,503.0,CHX,2.02,0.006
styril-BTD-5,C1=CC=C(C=C1)/C=C/C2=CC=C(C3=C(C=CC=C3)C4=CC=CC=C4)C5=NSN=C25,411.0,517.0,PHME,2.3741,0.099
styril-BTD-5,C1=CC=C(C=C1)/C=C/C2=CC=C(C3=C(C=CC=C3)C4=CC=CC=C4)C5=NSN=C25,409.0,525.0,DCM,8.93,0.309
styril-BTD-5,C1=CC=C(C=C1)/C=C/C2=CC=C(C3=C(C=CC=C3)C4=CC=CC=C4)C5=NSN=C25,404.0,529.0,MeCN,37.5,0.46
styril-BTD-5,C1=CC=C(C=C1)/C=C/C2=CC=C(C3=C(C=CC=C3)C4=CC=CC=C4)C5=NSN=C25,407.0,544.0,EtOH,24.852,0.654
BTD-1,CCCCNC1=CC=C(C2=CC=C(C=C2)OC)C3=NSN=C13,403.0,534.0,TOL,2.3741,0.099
BTD-2,COC1=CC=C(C=C1)C2=CC=C(C3=NSN=C23)NC4=CC=C(C=C4)C#N,414.0,527.0,TOL,2.3741,0.099
BTD-3,CN1C2=C(C=CC=C2)C(=N1)/C=C/C3=CC=CC4=NSN=C34,413.0,520.0,TOL,2.3741,0.099
BTD-4,CN1C(=C2C=CC=CC2=N1)/C=C/C3=CC=CC4=NSN=C34,409.0,519.0,TOL,2.3741,0.099
LD-BTD-1,CN(C)C1=CC=C(C=C1)C2=CC=CC3=NSN=C23,400.0,501.0,HEX,1.88,0.009
LD-BTD-1,CN(C)C1=CC=C(C=C1)C2=CC=CC3=NSN=C23,410.0,537.0,TOL,2.3741,0.099
LD-BTD-1,CN(C)C1=CC=C(C=C1)C2=CC=CC3=NSN=C23,425.0,568.0,THF,7.58,0.605
LD-BTD-1,CN(C)C1=CC=C(C=C1)C2=CC=CC3=NSN=C23,437.0,618.0,DMSO,46.826,0.444
LD-BTD-1,CN(C)C1=CC=C(C=C1)C2=CC=CC3=NSN=C23,421.0,628.0,MeOH,32.613,0.762
LD-BTD-2,CN(C1C2C(=NSN=2)C=CC=1)[H],420.0,513.0,HEX,1.88,0.009
LD-BTD-2,CN(C1C2C(=NSN=2)C=CC=1)[H],430.0,553.0,TOL,2.3741,0.099
LD-BTD-2,CN(C1C2C(=NSN=2)C=CC=1)[H],437.0,568.0,THF,7.58,0.605
LD-BTD-2,CN(C1C2C(=NSN=2)C=CC=1)[H],446.0,615.0,DMSO,46.826,0.444
LD-BTD-2,CN(C1C2C(=NSN=2)C=CC=1)[H],437.0,629.0,MeOH,32.613,0.762
LD-BTD-3,CN(C)C1=CC=CC2=NSN=C21,424.0,523.0,HEX,1.88,0.009
LD-BTD-3,CN(C)C1=CC=CC2=NSN=C21,432.0,558.0,TOL,2.3741,0.099
LD-BTD-3,CN(C)C1=CC=CC2=NSN=C21,434.0,576.0,THF,7.58,0.605
LD-BTD-3,CN(C)C1=CC=CC2=NSN=C21,440.0,624.0,DMSO,46.826,0.444
LD-BTD-3,CN(C)C1=CC=CC2=NSN=C21,432.0,625.0,MeOH,32.613,0.762
LD-BTD-4,C1C=C(N(C(C)=O)[H])C2C(=NSN=2)C=1,372.0,436.0,HEX,1.88,0.009
LD-BTD-4,C1C=C(N(C(C)=O)[H])C2C(=NSN=2)C=1,374.0,483.0,TOL,2.3741,0.099
LD-BTD-4,C1C=C(N(C(C)=O)[H])C2C(=NSN=2)C=1,374.0,488.0,THF,7.58,0.605
LD-BTD-4,C1C=C(N(C(C)=O)[H])C2C(=NSN=2)C=1,373.0,510.0,DMSO,46.826,0.444
LD-BTD-4,C1C=C(N(C(C)=O)[H])C2C(=NSN=2)C=1,352.0,516.0,MeOH,32.613,0.762
LD-BTD-4,C1C=C(N(C(C)=O)[H])C2C(=NSN=2)C=1,352.0,536.0,H2O,78.35,1.0
LD-BTD-5,CCCC(=O)NC1=CC=CC2=NSN=C21,373.0,467.0,HEX,1.88,0.009
LD-BTD-5,CCCC(=O)NC1=CC=CC2=NSN=C21,375.0,485.0,TOL,2.3741,0.099
LD-BTD-5,CCCC(=O)NC1=CC=CC2=NSN=C21,375.0,486.0,THF,7.58,0.605
LD-BTD-5,CCCC(=O)NC1=CC=CC2=NSN=C21,373.0,509.0,DMSO,46.826,0.444
LD-BTD-5,CCCC(=O)NC1=CC=CC2=NSN=C21,364.0,515.0,MeOH,32.613,0.762
LD-BTD-5,CCCC(=O)NC1=CC=CC2=NSN=C21,354.0,537.0,H2O,78.35,1.0
LD-BTD-6,C1CCN(CC1)C2=CC=CC3=NSN=C32,413.0,533.0,HEX,1.88,0.009
LD-BTD-6,C1CCN(CC1)C2=CC=CC3=NSN=C32,420.0,569.0,TOL,2.3741,0.099
LD-BTD-6,C1CCN(CC1)C2=CC=CC3=NSN=C32,420.0,586.0,THF,7.58,0.605
LD-BTD-6,C1CCN(CC1)C2=CC=CC3=NSN=C32,423.0,627.0,DMSO,46.826,0.444
LD-BTD-6,C1CCN(CC1)C2=CC=CC3=NSN=C32,413.0,635.0,MeOH,32.613,0.762
LD-BTD-6,C1CCN(CC1)C2=CC=CC3=NSN=C32,388.0,575.0,H2O,78.35,1.0
LD-BTD-7,C1=CC2=NSN=C2C(=C1)N3CCOCC3,403.0,530.0,HEX,1.88,0.009
LD-BTD-7,C1=CC2=NSN=C2C(=C1)N3CCOCC3,409.0,563.0,TOL,2.3741,0.099
LD-BTD-7,C1=CC2=NSN=C2C(=C1)N3CCOCC3,408.0,578.0,THF,7.58,0.605
LD-BTD-7,C1=CC2=NSN=C2C(=C1)N3CCOCC3,412.0,620.0,DMSO,46.826,0.444
LD-BTD-7,C1=CC2=NSN=C2C(=C1)N3CCOCC3,402.0,629.0,MeOH,32.613,0.762
LD-BTD-8,C1=CC2=NSN=C2C(=C1)N3CCSCC3,405.0,526.0,HEX,1.88,0.009
LD-BTD-8,C1=CC2=NSN=C2C(=C1)N3CCSCC3,414.0,557.0,TOL,2.3741,0.099
LD-BTD-8,C1=CC2=NSN=C2C(=C1)N3CCSCC3,412.0,573.0,THF,7.58,0.605
LD-BTD-8,C1=CC2=NSN=C2C(=C1)N3CCSCC3,417.0,614.0,DMSO,46.826,0.444
LD-BTD-8,C1=CC2=NSN=C2C(=C1)N3CCSCC3,408.0,618.0,MeOH,32.613,0.762
LD-BTD-9,CN1CCN(CC1)C2=CC=CC3=NSN=C32,409.0,532.0,HEX,1.88,0.009
LD-BTD-9,CN1CCN(CC1)C2=CC=CC3=NSN=C32,414.0,565.0,TOL,2.3741,0.099
LD-BTD-9,CN1CCN(CC1)C2=CC=CC3=NSN=C32,414.0,583.0,THF,7.58,0.605
LD-BTD-9,CN1CCN(CC1)C2=CC=CC3=NSN=C32,416.0,620.0,DMSO,46.826,0.444
LD-BTD-9,CN1CCN(CC1)C2=CC=CC3=NSN=C32,402.0,624.0,MeOH,32.613,0.762
LD-BTD-10,C1CCN(C1)C2=CC=CC3=NSN=C32,446.0,526.0,HEX,1.88,0.009
LD-BTD-10,C1CCN(C1)C2=CC=CC3=NSN=C32,458.0,563.0,TOL,2.3741,0.099
LD-BTD-10,C1CCN(C1)C2=CC=CC3=NSN=C32,457.0,575.0,THF,7.58,0.605
LD-BTD-10,C1CCN(C1)C2=CC=CC3=NSN=C32,464.0,620.0,DMSO,46.826,0.444
LD-BTD-10,C1CCN(C1)C2=CC=CC3=NSN=C32,459.0,633.0,MeOH,32.613,0.762
LD-BTD-10,C1CCN(C1)C2=CC=CC3=NSN=C32,460.0,579.0,H2O,78.35,1.0
LD-BTD-11,C1CCC(N(C2C3C(=NSN=3)C=CC=2)[H])CC1,431.0,523.0,HEX,1.88,0.009
LD-BTD-11,C1CCC(N(C2C3C(=NSN=3)C=CC=2)[H])CC1,438.0,554.0,TOL,2.3741,0.099
LD-BTD-11,C1CCC(N(C2C3C(=NSN=3)C=CC=2)[H])CC1,442.0,570.0,THF,7.58,0.605
LD-BTD-11,C1CCC(N(C2C3C(=NSN=3)C=CC=2)[H])CC1,451.0,619.0,DMSO,46.826,0.444
LD-BTD-11,C1CCC(N(C2C3C(=NSN=3)C=CC=2)[H])CC1,443.0,629.0,MeOH,32.613,0.762
LD-BTD-12,C1C=CC(N(C2C3C(=NSN=3)C=CC=2)[H])=CC=1,432.0,511.0,HEX,1.88,0.009
LD-BTD-12,C1C=CC(N(C2C3C(=NSN=3)C=CC=2)[H])=CC=1,439.0,544.0,TOL,2.3741,0.099
LD-BTD-12,C1C=CC(N(C2C3C(=NSN=3)C=CC=2)[H])=CC=1,443.0,563.0,THF,7.58,0.605
LD-BTD-12,C1C=CC(N(C2C3C(=NSN=3)C=CC=2)[H])=CC=1,450.0,615.0,DMSO,46.826,0.444
LD-BTD-12,C1C=CC(N(C2C3C(=NSN=3)C=CC=2)[H])=CC=1,441.0,562.0,H2O,78.35,1.0
LD-BTD-13,C1C=C(N(C2C=CC=CC=2)C2C=CC=CC=2)C2C(=NSN=2)C=1,448.0,581.0,HEX,1.88,0.009
LD-BTD-13,C1C=C(N(C2C=CC=CC=2)C2C=CC=CC=2)C2C(=NSN=2)C=1,453.0,573.0,TOL,2.3741,0.099
LD-BTD-13,C1C=C(N(C2C=CC=CC=2)C2C=CC=CC=2)C2C(=NSN=2)C=1,451.0,594.0,THF,7.58,0.605
LD-BTD-13,C1C=C(N(C2C=CC=CC=2)C2C=CC=CC=2)C2C(=NSN=2)C=1,451.0,638.0,DMSO,46.826,0.444
LD-BTD-14,OC(=O)C(Cc1ccccc1)Nc2cccc3nsnc23,409.0,507.0,HEX,1.88,0.009
LD-BTD-14,OC(=O)C(Cc1ccccc1)Nc2cccc3nsnc23,414.0,535.0,TOL,2.3741,0.099
LD-BTD-14,OC(=O)C(Cc1ccccc1)Nc2cccc3nsnc23,426.0,562.0,THF,7.58,0.605
LD-BTD-14,OC(=O)C(Cc1ccccc1)Nc2cccc3nsnc23,434.0,598.0,DMSO,46.826,0.444
LD-BTD-14,OC(=O)C(Cc1ccccc1)Nc2cccc3nsnc23,427.0,617.0,MeOH,32.613,0.762
LD-BTD-15,CC(C)C(Nc1cccc2nsnc12)C(O)=O,411.0,507.0,HEX,1.88,0.009
LD-BTD-15,CC(C)C(Nc1cccc2nsnc12)C(O)=O,416.0,535.0,TOL,2.3741,0.099
LD-BTD-15,CC(C)C(Nc1cccc2nsnc12)C(O)=O,427.0,553.0,THF,7.58,0.605
LD-BTD-15,CC(C)C(Nc1cccc2nsnc12)C(O)=O,433.0,600.0,DMSO,46.826,0.444
LD-BTD-15,CC(C)C(Nc1cccc2nsnc12)C(O)=O,428.0,615.0,MeOH,32.613,0.762
3a,O=C(/C=C/c5ccc(c3ccc(c2ccc(/C=C/C(=O)c1ccccc1O)cc2)c4nsnc34)cc5)c6ccccc6O,406.0,509.0,DCM,8.93,0.309
3b,COc1ccccc1C(=O)/C=C/c6ccc(c4ccc(c3ccc(/C=C/C(=O)c2ccccc2OC)cc3)c5nsnc45)cc6,407.0,507.0,DCM,8.93,0.309
3c,O=C(/C=C/c5ccc(c3ccc(c2ccc(/C=C/C(=O)c1ccccc1)cc2)c4nsnc34)cc5)c6ccccc6,407.0,506.0,DCM,8.93,0.309
3d,COc5ccc(Oc3ccc(c1ccccc1c2ccccc2)c4nsnc34)cc5,405.0,504.0,DCM,8.93,0.309
3e,COc5c(C)cc(c3ccc(Oc2ccc1ccccc1c2)c4nsnc34)cc5C,407.0,506.0,DCM,8.93,0.309
3f,Cc1ccccc1c4ccc(Oc3ccc2ccccc2c3)c5nsnc45,407.0,506.0,DCM,8.93,0.309
3g,C1=CC=C(C=C1)OC2=C(C=CC=C2)N3C=C(C4=CC=C(C5=CN(C6=C(C=CC=C6)OC7=CC=CC=C7)N=N5)C8=NSN=C48)N=N3,407.0,508.0,DCM,8.93,0.309
3h,C1=CC=C(C=C1)C2=C(C=CC=C2)N3C=C(C4=CC=C(C5=CN(C6=C(C=CC=C6)C7=CC=CC=C7)N=N5)C8=NSN=C48)N=N3,407.0,504.0,DCM,8.93,0.309
3a,O=C(/C=C/c5ccc(c3ccc(c2ccc(/C=C/C(=O)c1ccccc1O)cc2)c4nsnc34)cc5)c6ccccc6O,404.0,513.0,DMSO,46.826,0.444
3b,COc1ccccc1C(=O)/C=C/c6ccc(c4ccc(c3ccc(/C=C/C(=O)c2ccccc2OC)cc3)c5nsnc45)cc6,405.0,512.0,DMSO,46.826,0.444
3c,O=C(/C=C/c5ccc(c3ccc(c2ccc(/C=C/C(=O)c1ccccc1)cc2)c4nsnc34)cc5)c6ccccc6,405.0,513.0,DMSO,46.826,0.444
3d,COc5ccc(Oc3ccc(c1ccccc1c2ccccc2)c4nsnc34)cc5,405.0,512.0,DMSO,46.826,0.444
3e,COc5c(C)cc(c3ccc(Oc2ccc1ccccc1c2)c4nsnc34)cc5C,404.0,513.0,DMSO,46.826,0.444
3f,Cc1ccccc1c4ccc(Oc3ccc2ccccc2c3)c5nsnc45,405.0,514.0,DMSO,46.826,0.444
3g,C1=CC=C(C=C1)OC2=C(C=CC=C2)N3C=C(C4=CC=C(C5=CN(C6=C(C=CC=C6)OC7=CC=CC=C7)N=N5)C8=NSN=C48)N=N3,404.0,516.0,DMSO,46.826,0.444
3h,C1=CC=C(C=C1)C2=C(C=CC=C2)N3C=C(C4=CC=C(C5=CN(C6=C(C=CC=C6)C7=CC=CC=C7)N=N5)C8=NSN=C48)N=N3,406.0,515.0,DMSO,46.826,0.444
3a,O=C(/C=C/c5ccc(c3ccc(c2ccc(/C=C/C(=O)c1ccccc1O)cc2)c4nsnc34)cc5)c6ccccc6O,391.0,521.0,MeOH,32.613,0.762
3b,COc1ccccc1C(=O)/C=C/c6ccc(c4ccc(c3ccc(/C=C/C(=O)c2ccccc2OC)cc3)c5nsnc45)cc6,397.0,514.0,MeOH,32.613,0.762
3c,O=C(/C=C/c5ccc(c3ccc(c2ccc(/C=C/C(=O)c1ccccc1)cc2)c4nsnc34)cc5)c6ccccc6,398.0,520.0,MeOH,32.613,0.762
3d,COc5ccc(Oc3ccc(c1ccccc1c2ccccc2)c4nsnc34)cc5,398.0,515.0,MeOH,32.613,0.762
3e,COc5c(C)cc(c3ccc(Oc2ccc1ccccc1c2)c4nsnc34)cc5C,404.0,518.0,MeOH,32.613,0.762
3f,Cc1ccccc1c4ccc(Oc3ccc2ccccc2c3)c5nsnc45,403.0,519.0,MeOH,32.613,0.762
3g,C1=CC=C(C=C1)OC2=C(C=CC=C2)N3C=C(C4=CC=C(C5=CN(C6=C(C=CC=C6)OC7=CC=CC=C7)N=N5)C8=NSN=C48)N=N3,403.0,520.0,MeOH,32.613,0.762
3h,C1=CC=C(C=C1)C2=C(C=CC=C2)N3C=C(C4=CC=C(C5=CN(C6=C(C=CC=C6)C7=CC=CC=C7)N=N5)C8=NSN=C48)N=N3,401.0,519.0,MeOH,32.613,0.762
D1,CC1C=C(C2C3=NSN=C3C(/C=C3/C(=O)N(CC)/C(=C(/C#N)\C#N)/S/3)=CC=2)SC=1C1SC(C2SC(C3SC(C4SC(C5C6=NSN=C6C(/C=C6/C(=O)N(CC)/C(=C(/C#N)\C#N)/S/6)=CC=5)=CC=4C)=CC=3C)=CC=2)=C(C)C=1,420.0,536.0,MXylene,2.374,0.074
BCZ-BTD-AD,CC1(C)C2=C(C=CC=C2)N(C3=C1C=CC=C3)C4=CC=C(C5=CC(=CC(=C5)N6C7=C(C=CC=C7)C8=C6C=CC=C8)N9C%10=C(C=CC=C%10)C%11=C9C=CC=C%11)C%12=NSN=C4%12,337.0,650.0,THF,7.58,0.605
BCPBT,C1=CC2=C(C=C1)N(C3=CC(=CC(=C3)N4C5=C(C=CC=C5)C6=C4C=CC=C6)C7=CC=C(C8=CC(=CC(=C8)N9C%10=C(C=CC=C%10)C%11=C9C=CC=C%11)N%12C%13=C(C=CC=C%13)C%14=C%12C=CC=C%14)C%15=NSN=C7%15)C%16=C2C=CC=C%16,332.0,558.0,DCM,8.93,0.309
C3TBz,CCCCCCC1=C(C2=CC=C(C3=NSN=C23)C4=C(CCCCCC)C=C(C5=CC6=C(C=C5)N(C7=CC=CC=C7)C8=C6C=CC=C8)S4)SC(=C1)C9=CC%10=C(C=C9)N(C%11=CC=CC=C%11)C%12=C%10C=CC=C%12,322.0,647.0,DCM,8.93,0.309
C4TBz,CCCCCCC1C=C(C2C3C(=NSN=3)C(C3SC(C4C=CC5N(C6C=CC=CC=6C=5C=4)C4C=CC=CC=4)=C(CCCCCC)C=3)=CC=2)SC=1C1C=CC2N(C3C=CC=CC=3C=2C=1)C1C=CC=CC=1,335.0,665.0,DCM,8.93,0.309
BTD1,CN(C)C1=CC=C(C=C1)C2=CC=CC3=NSN=C23,418.0,509.0,HEX,1.88,0.009
BTD1,CN(C)C1=CC=C(C=C1)C2=CC=CC3=NSN=C23,427.0,571.0,TOL,2.3741,0.099
BTD1,CN(C)C1=CC=C(C=C1)C2=CC=CC3=NSN=C23,429.0,620.0,THF,7.58,0.605
BTD1,CN(C)C1=CC=C(C=C1)C2=CC=CC3=NSN=C23,427.0,617.0,CFM,4.81,0.259
BTD1,CN(C)C1=CC=C(C=C1)C2=CC=CC3=NSN=C23,440.0,694.0,DMSO,46.826,0.444
BTD2,COC1=CC=C(C=C1)C2=CC=CC3=NSN=C23,370.0,466.0,HEX,1.88,0.009
BTD2,COC1=CC=C(C=C1)C2=CC=CC3=NSN=C23,373.0,488.0,TOL,2.3741,0.099
BTD2,COC1=CC=C(C=C1)C2=CC=CC3=NSN=C23,373.0,501.0,THF,7.58,0.605
BTD2,COC1=CC=C(C=C1)C2=CC=CC3=NSN=C23,372.0,507.0,CFM,4.81,0.259
BTD2,COC1=CC=C(C=C1)C2=CC=CC3=NSN=C23,374.0,534.0,DMSO,46.826,0.444
BTD2,COC1=CC=C(C=C1)C2=CC=CC3=NSN=C23,368.0,547.0,MeOH,32.613,0.762
BTD3,CSC1=CC=C(C=C1)C2=CC=CC3=NSN=C23,371.0,472.0,HEX,1.88,0.009
BTD3,CSC1=CC=C(C=C1)C2=CC=CC3=NSN=C23,373.0,493.0,TOL,2.3741,0.099
BTD3,CSC1=CC=C(C=C1)C2=CC=CC3=NSN=C23,373.0,515.0,THF,7.58,0.605
BTD3,CSC1=CC=C(C=C1)C2=CC=CC3=NSN=C23,372.0,518.0,CFM,4.81,0.259
BTD3,CSC1=CC=C(C=C1)C2=CC=CC3=NSN=C23,376.0,568.0,DMSO,46.826,0.444
BTD3,CSC1=CC=C(C=C1)C2=CC=CC3=NSN=C23,370.0,569.0,MeOH,32.613,0.762
BTD4,CNC1=CC=C(C=C1)C2=CC=CC3=NSN=C23,357.0,426.0,HEX,1.88,0.009
BTD4,CNC1=CC=C(C=C1)C2=CC=CC3=NSN=C23,360.0,470.0,TOL,2.3741,0.099
BTD4,CNC1=CC=C(C=C1)C2=CC=CC3=NSN=C23,359.0,474.0,THF,7.58,0.605
BTD4,CNC1=CC=C(C=C1)C2=CC=CC3=NSN=C23,357.0,478.0,CFM,4.81,0.259
BTD4,CNC1=CC=C(C=C1)C2=CC=CC3=NSN=C23,360.0,488.0,DMSO,46.826,0.444
BTD4,CNC1=CC=C(C=C1)C2=CC=CC3=NSN=C23,356.0,499.0,MeOH,32.613,0.762
BTD5,C1=CC=C(C=C1)C2=CC=CC3=NSN=C23,348.0,421.0,HEX,1.88,0.009
BTD5,C1=CC=C(C=C1)C2=CC=CC3=NSN=C23,352.0,431.0,TOL,2.3741,0.099
BTD5,C1=CC=C(C=C1)C2=CC=CC3=NSN=C23,351.0,431.0,THF,7.58,0.605
BTD5,C1=CC=C(C=C1)C2=CC=CC3=NSN=C23,350.0,466.0,CFM,4.81,0.259
BTD5,C1=CC=C(C=C1)C2=CC=CC3=NSN=C23,352.0,478.0,DMSO,46.826,0.444
BTD5,C1=CC=C(C=C1)C2=CC=CC3=NSN=C23,349.0,482.0,MeOH,32.613,0.762
BTD6,C1=CC2=NSN=C2C(=C1)C3=CC=C(C=C3)F,349.0,425.0,HEX,1.88,0.009
BTD6,C1=CC2=NSN=C2C(=C1)C3=CC=C(C=C3)F,353.0,435.0,TOL,2.3741,0.099
BTD6,C1=CC2=NSN=C2C(=C1)C3=CC=C(C=C3)F,351.0,432.0,THF,7.58,0.605
BTD6,C1=CC2=NSN=C2C(=C1)C3=CC=C(C=C3)F,351.0,469.0,CFM,4.81,0.259
BTD6,C1=CC2=NSN=C2C(=C1)C3=CC=C(C=C3)F,352.0,478.0,DMSO,46.826,0.444
BTD6,C1=CC2=NSN=C2C(=C1)C3=CC=C(C=C3)F,349.0,485.0,MeOH,32.613,0.762
BTD7,C1=CC2=NSN=C2C(=C1)C3=CC=C(C=C3)Cl,350.0,425.0,HEX,1.88,0.009
BTD7,C1=CC2=NSN=C2C(=C1)C3=CC=C(C=C3)Cl,353.0,432.0,TOL,2.3741,0.099
BTD7,C1=CC2=NSN=C2C(=C1)C3=CC=C(C=C3)Cl,351.0,434.0,THF,7.58,0.605
BTD7,C1=CC2=NSN=C2C(=C1)C3=CC=C(C=C3)Cl,353.0,471.0,CFM,4.81,0.259
BTD7,C1=CC2=NSN=C2C(=C1)C3=CC=C(C=C3)Cl,352.0,478.0,DMSO,46.826,0.444
BTD7,C1=CC2=NSN=C2C(=C1)C3=CC=C(C=C3)Cl,350.0,483.0,MeOH,32.613,0.762
BTD8,C1=CC2=NSN=C2C(=C1)C3=CC=C(C=C3)C(F)(F)F,340.0,418.0,HEX,1.88,0.009
BTD8,C1=CC2=NSN=C2C(=C1)C3=CC=C(C=C3)C(F)(F)F,342.0,425.0,TOL,2.3741,0.099
BTD8,C1=CC2=NSN=C2C(=C1)C3=CC=C(C=C3)C(F)(F)F,342.0,423.0,THF,7.58,0.605
BTD8,C1=CC2=NSN=C2C(=C1)C3=CC=C(C=C3)C(F)(F)F,342.0,424.0,CFM,4.81,0.259
BTD8,C1=CC2=NSN=C2C(=C1)C3=CC=C(C=C3)C(F)(F)F,339.0,453.0,DMSO,46.826,0.444
BTD8,C1=CC2=NSN=C2C(=C1)C3=CC=C(C=C3)C(F)(F)F,339.0,428.0,MeOH,32.613,0.762
BTD9,C1=CC2=NSN=C2C(=C1)C3=CC=C(C=C3)S(=O)(=O)N,349.0,423.0,TOL,2.3741,0.099
BTD9,C1=CC2=NSN=C2C(=C1)C3=CC=C(C=C3)S(=O)(=O)N,348.0,426.0,THF,7.58,0.605
BTD9,C1=CC2=NSN=C2C(=C1)C3=CC=C(C=C3)S(=O)(=O)N,348.0,426.0,CFM,4.81,0.259
BTD9,C1=CC2=NSN=C2C(=C1)C3=CC=C(C=C3)S(=O)(=O)N,347.0,437.0,DMSO,46.826,0.444
BTD9,C1=CC2=NSN=C2C(=C1)C3=CC=C(C=C3)S(=O)(=O)N,341.0,434.0,MeOH,32.613,0.762
BTD10,C1=CC2=NSN=C2C(=C1)C3=CC=C(C=C3)C#N,341.0,420.0,HEX,1.88,0.009
BTD10,C1=CC2=NSN=C2C(=C1)C3=CC=C(C=C3)C#N,345.0,425.0,TOL,2.3741,0.099
BTD10,C1=CC2=NSN=C2C(=C1)C3=CC=C(C=C3)C#N,343.0,425.0,THF,7.58,0.605
BTD10,C1=CC2=NSN=C2C(=C1)C3=CC=C(C=C3)C#N,343.0,423.0,CFM,4.81,0.259
BTD10,C1=CC2=NSN=C2C(=C1)C3=CC=C(C=C3)C#N,345.0,451.0,DMSO,46.826,0.444
BTD10,C1=CC2=NSN=C2C(=C1)C3=CC=C(C=C3)C#N,342.0,433.0,MeOH,32.613,0.762
TBTz1,CCCCCCCCC1=C(C2=CC=C(C=C2)N(C3=CC=CC=C3)C4=CC=CC=C4)SC(=C1)C5=C(CCCCCCCC)C=C(C6=CC=C(C7=CC(=C(C8=CC(=C(C9=CC=C(C=C9)N(C%10=CC=CC=C%10)C%11=CC=CC=C%11)S8)CCCCCCCC)S7)CCCCCCCC)C%12=NSN=C6%12)S5,530.0,661.0,DCM,8.93,0.309
TBTz2,CCCCCCC1=C(C2=CC=C(C=C2)N(C3=CC=CC=C3)C4=CC=CC=C4)SC(=C1)C5=C(CCCCCC)C=C(C6=CC=C(C7=CC(=C(C8=CC(=C(C9=CC(=C(C%10=CC=C(C=C%10)N(C%11=CC=CC=C%11)C%12=CC=CC=C%12)S9)CCCCCC)S8)CCCCCC)S7)CCCCCC)C%13=NSN=C6%13)S5,538.0,686.0,DCM,8.93,0.309
BTD-3a,CCCCn1cc(nn1)c2ccc(c3cn(CCCC)nn3)c4nsnc24,414.0,493.0,HEX,1.88,0.009
BTD-3a,CCCCn1cc(nn1)c2ccc(c3cn(CCCC)nn3)c4nsnc24,410.0,510.0,DIOX,2.25,0.164
BTD-3a,CCCCn1cc(nn1)c2ccc(c3cn(CCCC)nn3)c4nsnc24,406.0,507.0,DCM,8.93,0.309
BTD-3a,CCCCn1cc(nn1)c2ccc(c3cn(CCCC)nn3)c4nsnc24,396.0,513.0,EtOH,24.852,0.654
BTD-3a,CCCCn1cc(nn1)c2ccc(c3cn(CCCC)nn3)c4nsnc24,395.0,509.0,MeOH,32.613,0.762
BTD-3a,CCCCn1cc(nn1)c2ccc(c3cn(CCCC)nn3)c4nsnc24,400.0,510.0,ACN,37.5,0.46
BTD-3a,CCCCn1cc(nn1)c2ccc(c3cn(CCCC)nn3)c4nsnc24,406.0,512.0,DMF,36.7,0.386
BTD-3b,CCCCCCCCN1C=C(N=N1)C2=CC=C(C3=NSN=C23)C4=CN(N=N4)CCCCCCCC,418.0,475.0,HEX,1.88,0.009
BTD-3b,CCCCCCCCN1C=C(N=N1)C2=CC=C(C3=NSN=C23)C4=CN(N=N4)CCCCCCCC,412.0,512.0,DIOX,2.25,0.164
BTD-3b,CCCCCCCCN1C=C(N=N1)C2=CC=C(C3=NSN=C23)C4=CN(N=N4)CCCCCCCC,407.0,508.0,DCM,8.93,0.309
BTD-3b,CCCCCCCCN1C=C(N=N1)C2=CC=C(C3=NSN=C23)C4=CN(N=N4)CCCCCCCC,395.0,508.0,EtOH,24.852,0.654
BTD-3b,CCCCCCCCN1C=C(N=N1)C2=CC=C(C3=NSN=C23)C4=CN(N=N4)CCCCCCCC,397.0,508.0,MeOH,32.613,0.762
BTD-3b,CCCCCCCCN1C=C(N=N1)C2=CC=C(C3=NSN=C23)C4=CN(N=N4)CCCCCCCC,403.0,512.0,ACN,37.5,0.46
BTD-3b,CCCCCCCCN1C=C(N=N1)C2=CC=C(C3=NSN=C23)C4=CN(N=N4)CCCCCCCC,408.0,512.0,DMF,36.7,0.386
BTD-4APTEG,[O-]CCOCCOCC[n+]1ccc(Nc2cccc3nsnc23)cc1,368.0,512.0,CFM,4.81,0.259
BTD-4APTEG,[O-]CCOCCOCC[n+]1ccc(Nc2cccc3nsnc23)cc1,375.0,525.0,DMSO,46.826,0.444
BTD-4APTEG,[O-]CCOCCOCC[n+]1ccc(Nc2cccc3nsnc23)cc1,363.0,518.0,MeCN,37.5,0.46
BTD-4APTEG,[O-]CCOCCOCC[n+]1ccc(Nc2cccc3nsnc23)cc1,362.0,523.0,MeOH,32.613,0.762
BTD-4APTEG,[O-]CCOCCOCC[n+]1ccc(Nc2cccc3nsnc23)cc1,383.0,517.0,TOL,2.3741,0.099
BTD-4APTEG,[O-]CCOCCOCC[n+]1ccc(Nc2cccc3nsnc23)cc1,370.0,543.0,H2O,78.35,1.0
C12H8BrN3S,C1=CC=C(C=C1)NC2=CC=C(C3=NSN=C23)Br,458.0,601.0,CFM,4.81,0.259
C11H7BrN4S,C1=CC(=CN=C1)NC2=CC=C(C3=NSN=C23)Br,443.0,584.0,CFM,4.81,0.259
PFBT-HH,CCCCCCCCC1(CCCCCCC)C2C=C(C=CC2c3ccc(Cc4csc(Cc5cccc6nsnc56)c4)cc13)c7cscc7,535.0,646.0,CBZN,23.0,0.333
PFBT-HF,CCCCCCCCC1(CCCCCCC)C2C=C(C=CC2c3ccc(Cc4csc(Cc5c(F)ccc6nsnc56)c4)cc13)c7cscc7,524.0,633.0,CBZN,23.0,0.333
PFBT-FF,CCCCCCCCC1(CCCCCCC)C2C=C(C=CC2c3ccc(Cc4csc(Cc5c(F)cc(F)c6nsnc56)c4)cc13)c7cscc7,509.0,651.0,CBZN,23.0,0.333
E-12,CCCCCCCCCCCCOc1cc(Oc2ccc(cc2)c3ccc(c4ccc(Oc5cc(OCCCCCCCCCCCC)c(OCCCCCCCCCCCC)c(OCCCCCCCCCCCC)c5)cc4)c6nsnc36)cc(OCCCCCCCCCCCC)c1OCCCCCCCCCCCC,282.0,539.0,CFM,4.81,0.259
C-12,CCCCCCCCCCCCOc1cc(OC(=O)c2ccc(cc2)c3ccc(c4ccc(cc4)C(=O)Oc5cc(OCCCCCCCCCCCC)c(OCCCCCCCCCCCC)c(OCCCCCCCCCCCC)c5)c6nsnc36)cc(OCCCCCCCCCCCC)c1OCCCCCCCCCCCC,283.0,501.0,CFM,4.81,0.259
A-12,CCCCCCCCCCCCOc1cc(O[N+](=O)c2ccc(cc2)c3ccc(c4ccc(cc4)[N+](=O)Oc5cc(OCCCCCCCCCCCC)c(OCCCCCCCCCCCC)c(OCCCCCCCCCCCC)c5)c6nsnc36)cc(OCCCCCCCCCCCC)c1OCCCCCCCCCCCC,305.0,538.0,CFM,4.81,0.259
BTD-685,CN(C)c1ccc(cc1)/C=C/c2ccc(\C=C\c3ccc(cc3)N(C)C)c4nsnc24,510.0,600.0,CHX,2.02,0.006
BTD-685,CN(C)c1ccc(cc1)/C=C/c2ccc(\C=C\c3ccc(cc3)N(C)C)c4nsnc24,520.0,635.0,DCM,8.93,0.309
BTD-685,CN(C)c1ccc(cc1)/C=C/c2ccc(\C=C\c3ccc(cc3)N(C)C)c4nsnc24,526.0,635.0,TOL,2.3741,0.099
BTD-685,CN(C)c1ccc(cc1)/C=C/c2ccc(\C=C\c3ccc(cc3)N(C)C)c4nsnc24,520.0,640.0,DIOX,2.25,0.164
BTD-685,CN(C)c1ccc(cc1)/C=C/c2ccc(\C=C\c3ccc(cc3)N(C)C)c4nsnc24,520.0,645.0,AcOEt,6.2,0.228
BTD-685,CN(C)c1ccc(cc1)/C=C/c2ccc(\C=C\c3ccc(cc3)N(C)C)c4nsnc24,532.0,650.0,THF,7.58,0.605
BTD-685,CN(C)c1ccc(cc1)/C=C/c2ccc(\C=C\c3ccc(cc3)N(C)C)c4nsnc24,528.0,710.0,DCM,8.93,0.309
BTD-580,COc1ccc(cc1)\C=C\c2ccc(\C=C\c3ccc(OC)cc3)c4nsnc24,472.0,535.0,CHX,2.02,0.006
BTD-580,COc1ccc(cc1)\C=C\c2ccc(\C=C\c3ccc(OC)cc3)c4nsnc24,460.0,555.0,DCM,8.93,0.309
BTD-580,COc1ccc(cc1)\C=C\c2ccc(\C=C\c3ccc(OC)cc3)c4nsnc24,472.0,570.0,TOL,2.3741,0.099
BTD-580,COc1ccc(cc1)\C=C\c2ccc(\C=C\c3ccc(OC)cc3)c4nsnc24,472.0,575.0,DIOX,2.25,0.164
BTD-580,COc1ccc(cc1)\C=C\c2ccc(\C=C\c3ccc(OC)cc3)c4nsnc24,472.0,575.0,AcOEt,6.2,0.228
BTD-580,COc1ccc(cc1)\C=C\c2ccc(\C=C\c3ccc(OC)cc3)c4nsnc24,472.0,575.0,THF,7.58,0.605
BTD-580,COc1ccc(cc1)\C=C\c2ccc(\C=C\c3ccc(OC)cc3)c4nsnc24,560.0,585.0,DCM,8.93,0.309
BTD-675,CN(C)c1ccc(cc1)\C=C\c2ccc(\C=C\c3ccccn3)c4nsnc24,496.0,570.0,CHX,2.02,0.006
BTD-675,CN(C)c1ccc(cc1)\C=C\c2ccc(\C=C\c3ccccn3)c4nsnc24,500.0,585.0,DCM,8.93,0.309
BTD-675,CN(C)c1ccc(cc1)\C=C\c2ccc(\C=C\c3ccccn3)c4nsnc24,554.0,620.0,TOL,2.3741,0.099
BTD-675,CN(C)c1ccc(cc1)\C=C\c2ccc(\C=C\c3ccccn3)c4nsnc24,500.0,650.0,DIOX,2.25,0.164
BTD-675,CN(C)c1ccc(cc1)\C=C\c2ccc(\C=C\c3ccccn3)c4nsnc24,504.0,670.0,AcOEt,6.2,0.228
BTD-675,CN(C)c1ccc(cc1)\C=C\c2ccc(\C=C\c3ccccn3)c4nsnc24,504.0,680.0,THF,7.58,0.605
BTD-675,CN(C)c1ccc(cc1)\C=C\c2ccc(\C=C\c3ccccn3)c4nsnc24,496.0,680.0,DCM,8.93,0.309
BTD-565,s1nc2c(/C=C/c3ccccn3)ccc(\C=C\c4ccccn4)c2n1,438.0,480.0,CHX,2.02,0.006
BTD-565,s1nc2c(/C=C/c3ccccn3)ccc(\C=C\c4ccccn4)c2n1,438.0,485.0,DCM,8.93,0.309
BTD-565,s1nc2c(/C=C/c3ccccn3)ccc(\C=C\c4ccccn4)c2n1,438.0,490.0,TOL,2.3741,0.099
BTD-565,s1nc2c(/C=C/c3ccccn3)ccc(\C=C\c4ccccn4)c2n1,434.0,495.0,DIOX,2.25,0.164
BTD-565,s1nc2c(/C=C/c3ccccn3)ccc(\C=C\c4ccccn4)c2n1,434.0,495.0,AcOEt,6.2,0.228
BTD-565,s1nc2c(/C=C/c3ccccn3)ccc(\C=C\c4ccccn4)c2n1,438.0,495.0,THF,7.58,0.605
BTD-565,s1nc2c(/C=C/c3ccccn3)ccc(\C=C\c4ccccn4)c2n1,438.0,500.0,DCM,8.93,0.309
Suzu-5,Fc1c(F)c(c2ccccc2)c3nsnc3c1c4sccc4,392.0,501.0,DCM,8.93,0.309
Suzu-6,Fc1ccc(c(F)c1)c2c(F)c(F)c(c3sccc3)c4nsnc24,389.0,495.0,DCM,8.93,0.309
Suzu-7,Fc1c(F)c(c2ccc(C=O)cc2)c3nsnc3c1c4sccc4,396.0,497.0,DCM,8.93,0.309
Suzu-8,Fc1c(F)c(c2ccc(cc2)C(F)(F)F)c3nsnc3c1c4sccc4,393.0,497.0,DCM,8.93,0.309
Suzu-9,Cc1ccc(C)c(c1)c2c(F)c(F)c(c3sccc3)c4nsnc24,386.0,492.0,DCM,8.93,0.309
Suzu-10,Fc1c(F)c(c2ccc3ccccc3c2)c4nsnc4c1c5sccc5,390.0,504.0,DCM,8.93,0.309
Suzu-11,Fc1c(F)c(c2ccc3c(Cc4ccccc34)c2)c5nsnc5c1c6sccc6,406.0,523.0,DCM,8.93,0.309
Suzu-12,CCCCCCc1sc(cc1)c2sc(cc2)c3c(F)c(F)c(c4sccc4)c5nsnc35,472.0,616.0,DCM,8.93,0.309
Ale-3a,COc1ccc(Oc2ccc(c3ccc(OC)cc3)c4nsnc24)cc1,397.0,550.0,MeCN,37.5,0.46
Ale-3a,COc1ccc(Oc2ccc(c3ccc(OC)cc3)c4nsnc24)cc1,402.0,550.0,EtOH,24.55,0.654
Ale-3a,COc1ccc(Oc2ccc(c3ccc(OC)cc3)c4nsnc24)cc1,401.0,544.0,Ac,1.26,0.355
Ale-3a,COc1ccc(Oc2ccc(c3ccc(OC)cc3)c4nsnc24)cc1,402.0,530.0,THF,7.58,0.605
Ale-3a,COc1ccc(Oc2ccc(c3ccc(OC)cc3)c4nsnc24)cc1,398.0,533.0,EtOAc,6.2,0.228
Ale-3a,COc1ccc(Oc2ccc(c3ccc(OC)cc3)c4nsnc24)cc1,403.0,519.0,PHME,2.3741,0.099
Ale-3a,COc1ccc(Oc2ccc(c3ccc(OC)cc3)c4nsnc24)cc1,401.0,504.0,CHX,2.02,0.006
Ale-3b,COc1ccc(cc1)c2ccc(Oc3ccc(F)cc3)c4nsnc24,382.0,507.0,MeCN,37.5,0.46
Ale-3b,COc1ccc(cc1)c2ccc(Oc3ccc(F)cc3)c4nsnc24,389.0,482.0,EtOH,24.55,0.654
Ale-3b,COc1ccc(cc1)c2ccc(Oc3ccc(F)cc3)c4nsnc24,385.0,498.0,Ac,1.26,0.355
Ale-3b,COc1ccc(cc1)c2ccc(Oc3ccc(F)cc3)c4nsnc24,386.0,524.0,THF,7.58,0.605
Ale-3b,COc1ccc(cc1)c2ccc(Oc3ccc(F)cc3)c4nsnc24,388.0,501.0,EtOAc,6.2,0.228
Ale-3b,COc1ccc(cc1)c2ccc(Oc3ccc(F)cc3)c4nsnc24,389.0,498.0,PHME,2.3741,0.099
Ale-3b,COc1ccc(cc1)c2ccc(Oc3ccc(F)cc3)c4nsnc24,388.0,487.0,CHX,2.02,0.006
Sara-3a,O=Cc1sccc1c2ccc(CCCCCCCc3scc(c3)c4sccc4)c5nsnc25,495.0,644.0,EtOH,24.852,0.654
Sara-3b,O=Cc1sccc1c2ccc(c3ccc(cc3)N(c4ccccc4)c5ccccc5)c6nsnc26,475.0,657.0,EtOH,24.852,0.654
Sara-4a,NCC(=C/c1sccc1c2ccc(CCCCCCCc3scc(c3)c4sccc4)c5nsnc25)/C(O)=O,506.0,625.0,EtOH,24.852,0.654
Sara-4b,NCC(=C/c1sccc1c2ccc(c3ccc(cc3)N(c4ccccc4)c5ccccc5)c6nsnc26)/C(O)=O,482.0,655.0,EtOH,24.852,0.654
Imane-9,CC(C)(C)C1=CC=C(C=C1)C2=CC=CC3=NSN=C32,358.0,488.0,DCM,8.93,0.309
Imane-17,C1Oc2ccc(cc2O1)c3cccc4nsnc34,376.0,530.0,DCM,8.93,0.309
Imane-19,C1C2C=CC=CC2c3cc(ccc13)c4cccc5nsnc45,376.0,510.0,DCM,8.93,0.309
Imane-20,s1nc2cccc(C3=C4C=CC=C5C=CC6=CC=CC(=C3)C6C45)c2n1,382.0,530.0,DCM,8.93,0.309
Imane-24,C1=CC(=CC=C1C2=CC=C(C3=NSN=C23)C4=CC=C(C=C4)Cl)Cl,384.0,492.0,DCM,8.93,0.309
Imane-26,C1=C(C2=NSN=C2C(=C1)C3=CC(=CC(=C3)C(F)(F)F)C(F)(F)F)C4=CC(=CC(=C4)C(F)(F)F)C(F)(F)F,362.0,449.0,DCM,8.93,0.309
Imane-27,FC(F)(F)c1cc(cc(c1)C(F)(F)F)c2ccc(c3ccc4OCOc4c3)c5nsnc25,400.0,555.0,DCM,8.93,0.309
PP1,CCCCCCCc1ccccc1c2ccc(cc2CCCCCCC)c3ccc(c4sccc4)c5nsnc35,428.0,596.0,DCM,8.93,0.309
PP2,CCCCCCC1(CCCCCC)C2=C(C=CC(=C2)C3=CC=C(C4=CC=C(C5CCCS5)C6=NSN=C46)S3)C7=CC=C(C=C71)N(C8=CC=C(C=C8)C(=O)C)C9=CC=C(C=C9)C(=O)O,485.0,621.0,DCM,8.93,0.309
PP2-NDI,C1C=C(N2C(=O)C3=C4C5=C(C(N(OS)C(=O)C5=CC=C4C2=O)=O)C=C3)C=CC=1C#CC1SC(C2C3C(=NSN=3)C(C3SC(C4C=CC5C6C(C(OO)(OO)C=5C=4)=CC(N(C4C=CC(C(O)=O)=CC=4)C4C=CC(C(O)=O)=CC=4)=CC=6)=CC=3)=CC=2)=CC=1,502.0,651.0,DCM,8.93,0.309
Haipeng-1,CCCCCCCCCCCCCCCCOc1cc(COc2ccc(cc2)c3sc(cc3)C#Cc4ccc(C#Cc5sc(cc5)c6ccc(OCc7cc(OCCCCCCCCCCCCCCCC)c(OCCCCCCCCCCCCCCCC)c(OCCCCCCCCCCCCCCCC)c7)cc6)c8nsnc48)cc(OCCCCCCCCCCCCCCCC)c1OCCCCCCCCCCCCCCCC,474.0,592.0,THF,7.58,0.605
Haipeng-1,CCCCCCCCCCCCCCCCOc1cc(COc2ccc(cc2)c3sc(cc3)C#Cc4ccc(C#Cc5sc(cc5)c6ccc(OCc7cc(OCCCCCCCCCCCCCCCC)c(OCCCCCCCCCCCCCCCC)c(OCCCCCCCCCCCCCCCC)c7)cc6)c8nsnc48)cc(OCCCCCCCCCCCCCCCC)c1OCCCCCCCCCCCCCCCC,471.0,565.0,TOL,2.3741,0.099
Haipeng-1,CCCCCCCCCCCCCCCCOc1cc(COc2ccc(cc2)c3sc(cc3)C#Cc4ccc(C#Cc5sc(cc5)c6ccc(OCc7cc(OCCCCCCCCCCCCCCCC)c(OCCCCCCCCCCCCCCCC)c(OCCCCCCCCCCCCCCCC)c7)cc6)c8nsnc48)cc(OCCCCCCCCCCCCCCCC)c1OCCCCCCCCCCCCCCCC,469.0,528.0,HEX,1.88,0.009
LD-BTD1,CN(C)C1=CC=C(C=C1)C2=CC=CC3=NSN=C32,420.0,511.0,HEX,1.88,0.009
LD-BTD1,CN(C)C1=CC=C(C=C1)C2=CC=CC3=NSN=C32,429.0,578.0,TOL,2.3741,0.099
LD-BTD1,CN(C)C1=CC=C(C=C1)C2=CC=CC3=NSN=C32,420.0,583.0,DEE,4.33,0.117
LD-BTD1,CN(C)C1=CC=C(C=C1)C2=CC=CC3=NSN=C32,429.0,633.0,THF,7.58,0.605
LD-BTD1,CN(C)C1=CC=C(C=C1)C2=CC=CC3=NSN=C32,431.0,635.0,OctOH,10.3,0.537
LD-BTD1,CN(C)C1=CC=C(C=C1)C2=CC=CC3=NSN=C32,423.0,709.0,MeOH,32.613,0.762
LD-BTD1,CN(C)C1=CC=C(C=C1)C2=CC=CC3=NSN=C32,429.0,713.0,DMF,37.5,0.386
LD-BTD1,CN(C)C1=CC=C(C=C1)C2=CC=CC3=NSN=C32,440.0,759.0,DMSO,46.826,0.444
Suguru-1a,CC1NC(=C2C=CC=CC12)c3cccc4nsnc34,383.0,523.0,TOL,2.3741,0.099
Suguru-1b,CCC1NC(=C2C=CC=CC12)c3cccc4nsnc34,380.0,521.0,TOL,2.3741,0.099
Suguru-1c,CC(C)C1=C(N(C2=CC=CC=C21)C(=O)OC(C)(C)C)C3=CC=CC4=NSN=C43,380.0,521.0,TOL,2.3741,0.099
Suguru-1d,CCOC(=O)N1C2=CC=CC=C2C(=C1C3=CC=CC4=NSN=C43)C,380.0,524.0,TOL,2.3741,0.099
Suguru-1e,CC1=CC=C(C=C1)S(=O)(=O)N2C3=CC=CC=C3C(=C2C4=CC=CC5=NSN=C54)C,371.0,519.0,TOL,2.3741,0.099
Suguru-1f,CC1=C(N(C2=CC=CC=C12)C(=O)C3=CC=CC=C3)C4=CC=CC5=NSN=C54,391.0,539.0,TOL,2.3741,0.099
Suguru-1g,CC1=C(N(C2=CC=CC=C12)C(=O)C(C)(C)C)C3=CC=CC4=NSN=C43,412.0,560.0,TOL,2.3741,0.099
Suguru-1h,CC1=C(N(C2=CC=CC=C12)C)C3=CC=CC4=NSN=C43,432.0,603.0,TOL,2.3741,0.099
Oguzhan-BT,C1=CC=C(C=C1)C2=CC=C(C3=NSN=C23)C4=CC=CC=C4,381.0,486.0,CFM,4.81,0.259
Oguzhan-BT,C1=CC=C(C=C1)C2=CC=C(C3=NSN=C23)C4=CC=CC=C4,385.0,483.0,CBZN,23.0,0.333
Oguzhan-BT,C1=CC=C(C=C1)C2=CC=C(C3=NSN=C23)C4=CC=CC=C4,380.0,492.0,EtOH,24.852,0.654
Oguzhan-BT,C1=CC=C(C=C1)C2=CC=C(C3=NSN=C23)C4=CC=CC=C4,386.0,488.0,BZNit,26.0,0.333
Oguzhan-BI-T,Oc1ccccc1C2=NC3C(N2)C(=CC=C3c4ccc(c5ccc(c6ccccc6)c7nc([nH]c57)c8ccccc8O)c9nsnc49)c%10ccccc%10,338.0,470.0,CFM,4.81,0.259
Oguzhan-BI-T,Oc1ccccc1C2=NC3C(N2)C(=CC=C3c4ccc(c5ccc(c6ccccc6)c7nc([nH]c57)c8ccccc8O)c9nsnc49)c%10ccccc%10,341.0,476.0,CBZN,23.0,0.333
Oguzhan-BI-T,Oc1ccccc1C2=NC3C(N2)C(=CC=C3c4ccc(c5ccc(c6ccccc6)c7nc([nH]c57)c8ccccc8O)c9nsnc49)c%10ccccc%10,339.0,466.0,EtOH,24.852,0.654
Oguzhan-BI-T,Oc1ccccc1C2=NC3C(N2)C(=CC=C3c4ccc(c5ccc(c6ccccc6)c7nc([nH]c57)c8ccccc8O)c9nsnc49)c%10ccccc%10,346.0,474.0,BZNit,26.0,0.333
Bin-1,CB(C1C=CC(C2C3C(=NSN=3)C(C3C=CC(B(C)C)=CC=3)=CC=2)=CC=1)C,392.0,477.0,BZN,2.27,0.111
Bin-1,CB(C1C=CC(C2C3C(=NSN=3)C(C3C=CC(B(C)C)=CC=3)=CC=2)=CC=1)C,393.0,469.0,CHX,2.02,0.006
Bin-1,CB(C1C=CC(C2C3C(=NSN=3)C(C3C=CC(B(C)C)=CC=3)=CC=2)=CC=1)C,391.0,478.0,THF,7.58,0.605
Bin-1,CB(C1C=CC(C2C3C(=NSN=3)C(C3C=CC(B(C)C)=CC=3)=CC=2)=CC=1)C,392.0,482.0,DCM,8.93,0.309
Bin-1,CB(C1C=CC(C2C3C(=NSN=3)C(C3C=CC(B(C)C)=CC=3)=CC=2)=CC=1)C,389.0,483.0,MeCN,37.5,0.46
Bin-2,COC1C=CC(C2C3C(=NSN=3)C(C3C=CC(B(C)C)=CC=3)=CC=2)=CC=1,401.0,511.0,BZN,2.27,0.111
Bin-3,CB(C)c1ccc(cc1)c2ccc(c3ccc(cc3)N(c4ccccc4)c5ccccc5)c6nsnc26,444.0,575.0,BZN,2.27,0.111
Bin-3,CB(C)c1ccc(cc1)c2ccc(c3ccc(cc3)N(c4ccccc4)c5ccccc5)c6nsnc26,446.0,536.0,CHX,2.02,0.006
Bin-3,CB(C)c1ccc(cc1)c2ccc(c3ccc(cc3)N(c4ccccc4)c5ccccc5)c6nsnc26,444.0,619.0,THF,7.58,0.605
Bin-3,CB(C)c1ccc(cc1)c2ccc(c3ccc(cc3)N(c4ccccc4)c5ccccc5)c6nsnc26,443.0,626.0,DCM,8.93,0.309
Bin-3,CB(C)c1ccc(cc1)c2ccc(c3ccc(cc3)N(c4ccccc4)c5ccccc5)c6nsnc26,443.0,669.0,MeCN,37.5,0.46
Bin-4,C1=CC=C(C=C1)C2=CC=C(C3=NSN=C23)C4=CC=CC=C4,381.0,473.0,BZN,2.27,0.111
Bin-4,C1=CC=C(C=C1)C2=CC=C(C3=NSN=C23)C4=CC=CC=C4,380.0,465.0,CHX,2.02,0.006
Bin-4,C1=CC=C(C=C1)C2=CC=C(C3=NSN=C23)C4=CC=CC=C4,179.0,477.0,THF,7.58,0.605
Bin-4,C1=CC=C(C=C1)C2=CC=C(C3=NSN=C23)C4=CC=CC=C4,378.0,479.0,DCM,8.93,0.309
Bin-4,C1=CC=C(C=C1)C2=CC=C(C3=NSN=C23)C4=CC=CC=C4,375.0,483.0,MeCN,37.5,0.46
Juha-11a,CCCCCCc1csc(c1)c2ccc(c3sc(nc3)c4sccc4)c5nsnc25,472.0,493.0,CFM,4.81,0.259
Juha-11b,CCCCCCc1csc(c1)c2ccc(c3sc(nc3)c4sccc4CCCCCC)c5nsnc25,475.0,497.0,CFM,4.81,0.259
Juha-11c,COc1ccsc1c2ccc(c3sc(nc3)c4sccc4)c5nsnc25,475.0,618.0,CFM,4.81,0.259
Chen-Bz(T1CAO)2,CCCCC(COC(/C(/C#N)=C/C1SC(C2C3C(=NSN=3)C(C3SC(/C=C(/C(OCC(CCCC)CC)=O)\C#N)=CC=3)=CC=2)=CC=1)=O)CC,498.0,575.0,DCM,8.93,0.309
Chen-Bz(T1CAEH)2,CCCCC(COC(/C(/C#N)=C/C1SC(C2SC(C3C4C(=NSN=4)C(C4SC(C5SC(/C=C(/C(OCC(CCCC)CC)=O)\C#N)=CC=5)=CC=4)=CC=3)=CC=2)=CC=1)=O)CC,497.0,575.0,DCM,8.93,0.309
Chen-Bz(T2CAO)2,CCCCCCCCOC(/C(/C#N)=C/C1SC(C2SC(C3C4C(=NSN=4)C(C4SC(C5SC(/C=C(/C(OCCCCCCCC)=O)\C#N)=CC=5)=CC=4)=CC=3)=CC=2)=CC=1)=O,522.0,625.0,DCM,8.93,0.309
Chen-Bz(T2CAEH)2,CCCCC(COC(/C(/C#N)=C/C1SC(C2SC(C3C4C(=NSN=4)C(C4SC(C5SC(/C=C(/C(OCC(CCCC)CC)=O)\C#N)=CC=5)=CC=4)=CC=3)=CC=2)=CC=1)=O)CC,525.0,625.0,DCM,8.93,0.309
Satou-1,CCCCCC(CC)Cc1cscc1c2sc3c(n2)c(c4sc(cc4)N(c5ccccc5)c6ccccc6)c7nsnc7c3c8sc(cc8)N(c9ccccc9)c%10ccccc%10,632.0,755.0,CHX,2.02,0.006
Satou-1,CCCCCC(CC)Cc1cscc1c2sc3c(n2)c(c4sc(cc4)N(c5ccccc5)c6ccccc6)c7nsnc7c3c8sc(cc8)N(c9ccccc9)c%10ccccc%10,634.0,805.0,DCM,8.93,0.309
Satou-1,CCCCCC(CC)Cc1cscc1c2sc3c(n2)c(c4sc(cc4)N(c5ccccc5)c6ccccc6)c7nsnc7c3c8sc(cc8)N(c9ccccc9)c%10ccccc%10,639.0,870.0,DMF,37.5,0.386
Satou-2,CCCCCC(CC)Cc1cscc1c2sc3c(n2)c(c4sc(cc4)c5ccc(cc5)N(c6ccccc6)c7ccccc7)c8nsnc8c3c9sc(cc9)c%10ccc(cc%10)N(c%11ccccc%11)c%12ccccc%12,600.0,698.0,CHX,2.02,0.006
Satou-2,CCCCCC(CC)Cc1cscc1c2sc3c(n2)c(c4sc(cc4)c5ccc(cc5)N(c6ccccc6)c7ccccc7)c8nsnc8c3c9sc(cc9)c%10ccc(cc%10)N(c%11ccccc%11)c%12ccccc%12,600.0,748.0,DCM,8.93,0.309
Satou-2,CCCCCC(CC)Cc1cscc1c2sc3c(n2)c(c4sc(cc4)c5ccc(cc5)N(c6ccccc6)c7ccccc7)c8nsnc8c3c9sc(cc9)c%10ccc(cc%10)N(c%11ccccc%11)c%12ccccc%12,602.0,825.0,DMF,37.5,0.386
Satou-3b,CCCCCC(CC)Cc1sc(cc1)c2sc3c(n2)c(c4sccc4)c5nsnc5c3c6sccc6,508.0,600.0,CHX,2.02,0.006
Sukhikh-L1,C1=CC2=NSN=C2C(=C1)N,410.0,575.0,DCM,8.93,0.309
Sukhikh-L2H,CC(=O)/C=C(C)/Nc1cccc2nsnc12,412.0,538.0,DCM,8.93,0.309
Huang-1,CCCCCCCCCCCCCCCCOc1cc(Cn2cc(Oc3ccc(cc3)c4ccc(c5ccc(OC6CN=NN6Cc7cc(OCCCCCCCCCCCCCCCC)c(OCCCCCCCCCCCCCCCC)c(OCCCCCCCCCCCCCCCC)c7)cc5)c8nsnc48)nn2)cc(OCCCCCCCCCCCCCCCC)c1OCCCCCCCCCCCCCCCC,403.0,535.0,DCM,8.93,0.309
Huang-1,CCCCCCCCCCCCCCCCOc1cc(Cn2cc(Oc3ccc(cc3)c4ccc(c5ccc(OC6CN=NN6Cc7cc(OCCCCCCCCCCCCCCCC)c(OCCCCCCCCCCCCCCCC)c(OCCCCCCCCCCCCCCCC)c7)cc5)c8nsnc48)nn2)cc(OCCCCCCCCCCCCCCCC)c1OCCCCCCCCCCCCCCCC,407.0,539.0,CFM,4.81,0.259
Huang-1,CCCCCCCCCCCCCCCCOc1cc(Cn2cc(Oc3ccc(cc3)c4ccc(c5ccc(OC6CN=NN6Cc7cc(OCCCCCCCCCCCCCCCC)c(OCCCCCCCCCCCCCCCC)c(OCCCCCCCCCCCCCCCC)c7)cc5)c8nsnc48)nn2)cc(OCCCCCCCCCCCCCCCC)c1OCCCCCCCCCCCCCCCC,408.0,527.0,THF,7.58,0.605
Huang-1,CCCCCCCCCCCCCCCCOc1cc(Cn2cc(Oc3ccc(cc3)c4ccc(c5ccc(OC6CN=NN6Cc7cc(OCCCCCCCCCCCCCCCC)c(OCCCCCCCCCCCCCCCC)c(OCCCCCCCCCCCCCCCC)c7)cc5)c8nsnc48)nn2)cc(OCCCCCCCCCCCCCCCC)c1OCCCCCCCCCCCCCCCC,409.0,519.0,TOL,2.3741,0.099
Huang-1,CCCCCCCCCCCCCCCCOc1cc(Cn2cc(Oc3ccc(cc3)c4ccc(c5ccc(OC6CN=NN6Cc7cc(OCCCCCCCCCCCCCCCC)c(OCCCCCCCCCCCCCCCC)c(OCCCCCCCCCCCCCCCC)c7)cc5)c8nsnc48)nn2)cc(OCCCCCCCCCCCCCCCC)c1OCCCCCCCCCCCCCCCC,410.0,523.0,HEX,1.88,0.009
Sylvain-5,CCCCCCN(CCCCCC)C1=CC=C(C=C1)C2=CC(=C3N=C4C(=CC(=[N+]4[B-](F)(F)N23)C5=CC=C(C=C5)N(CCCCCC)CCCCCC)C6=CC=CC7=NSN=C67)C8=CC=CC9=NSN=C89,782.0,890.0,TOL,2.3741,0.099
Malek-QXBT,CCCCCCCCCCc1sc(cc1)c2ccc(c3ccc(c4ccc(c5sc(CCCCCCCCCC)cc5)c6nccnc46)c7nsnc37)c8nccnc28,425.0,539.0,TOL,2.3741,0.099
Malek-QXBT,CCCCCCCCCCc1sc(cc1)c2ccc(c3ccc(c4ccc(c5sc(CCCCCCCCCC)cc5)c6nccnc46)c7nsnc37)c8nccnc28,421.0,547.0,THF,7.58,0.605
Malek-QXBT,CCCCCCCCCCc1sc(cc1)c2ccc(c3ccc(c4ccc(c5sc(CCCCCCCCCC)cc5)c6nccnc46)c7nsnc37)c8nccnc28,416.0,554.0,DCM,8.93,0.309
Malek-BXBT,CCCCCCCCCCc1sc(cc1)c2ccc(c3ccc(c4ccc(c5sc(CCCCCCCCCC)cc5)c6nonc46)c7nsnc37)c8nonc28,498.0,610.0,TOL,2.3741,0.099
Malek-BXBT,CCCCCCCCCCc1sc(cc1)c2ccc(c3ccc(c4ccc(c5sc(CCCCCCCCCC)cc5)c6nonc46)c7nsnc37)c8nonc28,491.0,590.0,THF,7.58,0.605
Malek-BXBT,CCCCCCCCCCc1sc(cc1)c2ccc(c3ccc(c4ccc(c5sc(CCCCCCCCCC)cc5)c6nonc46)c7nsnc37)c8nonc28,492.0,590.0,DCM,8.93,0.309
Yingnan-1,C1=CC=NC(=C1)NC2=CC=C(C3=NSN=C23)NC4=CC=CC=N4,505.0,607.0,HEX,1.88,0.009
Yingnan-1,C1=CC=NC(=C1)NC2=CC=C(C3=NSN=C23)NC4=CC=CC=N4,495.0,614.0,DCM,8.93,0.309
Yingnan-2,N1C2C=CC=CC2=Nc3c1cc(Nc4ccccn4)c5nsnc35,455.0,545.0,HEX,1.88,0.009
Yingnan-2,N1C2C=CC=CC2=Nc3c1cc(Nc4ccccn4)c5nsnc35,461.0,584.0,DCM,8.93,0.309
Yingnan-3,N1C2C=CC=CC2=Nc3c1c4n5ccccc5nc4c6nsnc36,430.0,545.0,DCM,8.93,0.309
Ingrid-4a,C1=CC=C2C(=C1)N=C(S2)C3=CC4=NSN=C4C=C3,353.0,421.0,TOL,2.3741,0.099
Ingrid-4a,C1=CC=C2C(=C1)N=C(S2)C3=CC4=NSN=C4C=C3,347.0,426.0,AcOEt,6.2,0.228
Ingrid-4a,C1=CC=C2C(=C1)N=C(S2)C3=CC4=NSN=C4C=C3,360.0,433.0,DCE,8.93,0.194
Ingrid-4a,C1=CC=C2C(=C1)N=C(S2)C3=CC4=NSN=C4C=C3,359.0,454.0,DMF,36.7,0.386
Ingrid-4a,C1=CC=C2C(=C1)N=C(S2)C3=CC4=NSN=C4C=C3,344.0,445.0,ACN,37.5,0.46
Ingrid-4a,C1=CC=C2C(=C1)N=C(S2)C3=CC4=NSN=C4C=C3,346.0,461.0,MeOH,32.613,0.762
Ingrid-4b,o1c2ccccc2nc1c3ccc4nsnc4c3,349.0,417.0,TOL,2.3741,0.099
Ingrid-4b,o1c2ccccc2nc1c3ccc4nsnc4c3,345.0,428.0,AcOEt,6.2,0.228
Ingrid-4b,o1c2ccccc2nc1c3ccc4nsnc4c3,348.0,431.0,DCE,8.93,0.194
Ingrid-4b,o1c2ccccc2nc1c3ccc4nsnc4c3,347.0,457.0,DMF,36.7,0.386
Ingrid-4b,o1c2ccccc2nc1c3ccc4nsnc4c3,342.0,449.0,MeCN,37.5,0.46
Ingrid-4b,o1c2ccccc2nc1c3ccc4nsnc4c3,343.0,469.0,MeOH,32.613,0.762
Priscila-3,C(C#Cc1ccc(C#CCN2C3C=CC=CC3C4C=CC=CC24)c5nsnc15)N6C7C=CC=CC7C8C=CC=CC68,374.0,539.0,DIOX,2.25,0.164
Priscila-3,C(C#Cc1ccc(C#CCN2C3C=CC=CC3C4C=CC=CC24)c5nsnc15)N6C7C=CC=CC7C8C=CC=CC68,376.0,538.0,DCM,8.93,0.309
Priscila-3,C(C#Cc1ccc(C#CCN2C3C=CC=CC3C4C=CC=CC24)c5nsnc15)N6C7C=CC=CC7C8C=CC=CC68,375.0,511.0,MeOH,32.613,0.762
Priscila-3,C(C#Cc1ccc(C#CCN2C3C=CC=CC3C4C=CC=CC24)c5nsnc15)N6C7C=CC=CC7C8C=CC=CC68,372.0,516.0,ACN,37.5,0.46
Priscila-5,C(C#Cc1ccc(C#CCN(c2ccccc2)c3ccccc3)c4nsnc14)N(c5ccccc5)c6ccccc6,377.0,571.0,DIOX,2.25,0.164
Priscila-5,C(C#Cc1ccc(C#CCN(c2ccccc2)c3ccccc3)c4nsnc14)N(c5ccccc5)c6ccccc6,380.0,536.0,DCM,8.93,0.309
Priscila-5,C(C#Cc1ccc(C#CCN(c2ccccc2)c3ccccc3)c4nsnc14)N(c5ccccc5)c6ccccc6,374.0,549.0,ACN,37.5,0.46
Priscila-7,C(C#Cc1ccc(C#CCN(c2ccccc2)c3ccccc3)c4nsnc14)N5C6C=CC=CC6C7C=CC=CC57,376.0,570.0,DIOX,2.25,0.164
Priscila-7,C(C#Cc1ccc(C#CCN(c2ccccc2)c3ccccc3)c4nsnc14)N5C6C=CC=CC6C7C=CC=CC57,377.0,560.0,DCM,8.93,0.309
Priscila-7,C(C#Cc1ccc(C#CCN(c2ccccc2)c3ccccc3)c4nsnc14)N5C6C=CC=CC6C7C=CC=CC57,375.0,550.0,MeOH,32.613,0.762
